0
SECTION
2
HEADER
9
$ACADVER
1
AC1009
9
$INSUNITS
70
4
0
ENDSEC
0
SECTION
2
TABLES
0
TABLE
2
LAYER
70
1
0
LAYER
2
CENTERLINE
70
0
62
7
6
CONTINUOUS
0
ENDTAB
0
ENDSEC
0
SECTION
2
ENTITIES
0
POLYLINE
8
CENTERLINE
66
1
70
1
0
VERTEX
8
CENTERLINE
10
49.805068
20
142.592593
30
0.0
0
VERTEX
8
CENTERLINE
10
8.089669
20
118.421053
30
0.0
0
VERTEX
8
CENTERLINE
10
8.089669
20
32.358674
30
0.0
0
VERTEX
8
CENTERLINE
10
50.000000
20
8.187135
30
0.0
0
VERTEX
8
CENTERLINE
10
91.812865
20
32.358674
30
0.0
0
VERTEX
8
CENTERLINE
10
91.812865
20
118.226121
30
0.0
0
SEQEND
8
CENTERLINE
0
POLYLINE
8
CENTERLINE
66
1
70
1
0
VERTEX
8
CENTERLINE
10
49.902534
20
8.869396
30
0.0
0
VERTEX
8
CENTERLINE
10
50.097466
20
9.064327
30
0.0
0
VERTEX
8
CENTERLINE
10
50.292398
20
8.869396
30
0.0
0
VERTEX
8
CENTERLINE
10
50.097466
20
8.674464
30
0.0
0
SEQEND
8
CENTERLINE
0
POLYLINE
8
CENTERLINE
66
1
70
1
0
VERTEX
8
CENTERLINE
10
62.475634
20
15.789474
30
0.0
0
VERTEX
8
CENTERLINE
10
62.670565
20
15.984405
30
0.0
0
VERTEX
8
CENTERLINE
10
62.865497
20
15.789474
30
0.0
0
VERTEX
8
CENTERLINE
10
62.670565
20
15.594542
30
0.0
0
SEQEND
8
CENTERLINE
0
POLYLINE
8
CENTERLINE
66
1
70
1
0
VERTEX
8
CENTERLINE
10
35.477583
20
16.666667
30
0.0
0
VERTEX
8
CENTERLINE
10
35.672515
20
16.861598
30
0.0
0
VERTEX
8
CENTERLINE
10
35.867446
20
16.666667
30
0.0
0
VERTEX
8
CENTERLINE
10
35.672515
20
16.471735
30
0.0
0
SEQEND
8
CENTERLINE
0
POLYLINE
8
CENTERLINE
66
1
70
1
0
VERTEX
8
CENTERLINE
10
16.374269
20
29.142300
30
0.0
0
VERTEX
8
CENTERLINE
10
16.569201
20
29.337232
30
0.0
0
VERTEX
8
CENTERLINE
10
16.764133
20
29.142300
30
0.0
0
VERTEX
8
CENTERLINE
10
16.569201
20
28.947368
30
0.0
0
SEQEND
8
CENTERLINE
0
POLYLINE
8
CENTERLINE
66
1
70
1
0
VERTEX
8
CENTERLINE
10
12.573099
20
31.286550
30
0.0
0
VERTEX
8
CENTERLINE
10
12.768031
20
31.481481
30
0.0
0
VERTEX
8
CENTERLINE
10
12.865497
20
31.481481
30
0.0
0
VERTEX
8
CENTERLINE
10
13.157895
20
31.189084
30
0.0
0
VERTEX
8
CENTERLINE
10
12.962963
20
30.994152
30
0.0
0
VERTEX
8
CENTERLINE
10
12.768031
20
30.994152
30
0.0
0
VERTEX
8
CENTERLINE
10
12.573099
20
31.189084
30
0.0
0
SEQEND
8
CENTERLINE
0
POLYLINE
8
CENTERLINE
66
1
70
1
0
VERTEX
8
CENTERLINE
10
83.040936
20
121.832359
30
0.0
0
VERTEX
8
CENTERLINE
10
83.235867
20
122.027290
30
0.0
0
VERTEX
8
CENTERLINE
10
83.430799
20
121.832359
30
0.0
0
VERTEX
8
CENTERLINE
10
83.235867
20
121.637427
30
0.0
0
SEQEND
8
CENTERLINE
0
POLYLINE
8
CENTERLINE
66
1
70
1
0
VERTEX
8
CENTERLINE
10
82.748538
20
123.196881
30
0.0
0
VERTEX
8
CENTERLINE
10
82.943470
20
123.391813
30
0.0
0
VERTEX
8
CENTERLINE
10
83.138402
20
123.196881
30
0.0
0
VERTEX
8
CENTERLINE
10
82.943470
20
123.001949
30
0.0
0
SEQEND
8
CENTERLINE
0
POLYLINE
8
CENTERLINE
66
1
70
1
0
VERTEX
8
CENTERLINE
10
19.883041
20
123.684211
30
0.0
0
VERTEX
8
CENTERLINE
10
20.077973
20
123.489279
30
0.0
0
VERTEX
8
CENTERLINE
10
19.785575
20
123.196881
30
0.0
0
VERTEX
8
CENTERLINE
10
19.590643
20
123.391813
30
0.0
0
SEQEND
8
CENTERLINE
0
POLYLINE
8
CENTERLINE
66
1
70
1
0
VERTEX
8
CENTERLINE
10
60.818713
20
134.405458
30
0.0
0
VERTEX
8
CENTERLINE
10
61.013645
20
134.600390
30
0.0
0
VERTEX
8
CENTERLINE
10
61.208577
20
134.405458
30
0.0
0
VERTEX
8
CENTERLINE
10
61.013645
20
134.210526
30
0.0
0
SEQEND
8
CENTERLINE
0
POLYLINE
8
CENTERLINE
66
1
70
1
0
VERTEX
8
CENTERLINE
10
62.475634
20
134.990253
30
0.0
0
VERTEX
8
CENTERLINE
10
62.670565
20
135.185185
30
0.0
0
VERTEX
8
CENTERLINE
10
62.962963
20
134.892788
30
0.0
0
VERTEX
8
CENTERLINE
10
62.768031
20
134.697856
30
0.0
0
SEQEND
8
CENTERLINE
0
POLYLINE
8
CENTERLINE
66
1
70
1
0
VERTEX
8
CENTERLINE
10
61.208577
20
135.964912
30
0.0
0
VERTEX
8
CENTERLINE
10
61.403509
20
135.769981
30
0.0
0
VERTEX
8
CENTERLINE
10
61.403509
20
135.672515
30
0.0
0
VERTEX
8
CENTERLINE
10
61.208577
20
135.477583
30
0.0
0
VERTEX
8
CENTERLINE
10
61.111111
20
135.477583
30
0.0
0
VERTEX
8
CENTERLINE
10
60.916179
20
135.672515
30
0.0
0
SEQEND
8
CENTERLINE
0
POLYLINE
8
CENTERLINE
66
1
70
1
0
VERTEX
8
CENTERLINE
10
53.996101
20
138.401559
30
0.0
0
VERTEX
8
CENTERLINE
10
54.191033
20
138.596491
30
0.0
0
VERTEX
8
CENTERLINE
10
54.288499
20
138.596491
30
0.0
0
VERTEX
8
CENTERLINE
10
54.580897
20
138.304094
30
0.0
0
VERTEX
8
CENTERLINE
10
54.385965
20
138.109162
30
0.0
0
VERTEX
8
CENTERLINE
10
54.288499
20
138.206628
30
0.0
0
VERTEX
8
CENTERLINE
10
54.191033
20
138.206628
30
0.0
0
SEQEND
8
CENTERLINE
0
POLYLINE
8
CENTERLINE
66
1
70
1
0
VERTEX
8
CENTERLINE
10
52.631579
20
139.083821
30
0.0
0
VERTEX
8
CENTERLINE
10
52.826511
20
139.278752
30
0.0
0
VERTEX
8
CENTERLINE
10
53.021442
20
139.083821
30
0.0
0
VERTEX
8
CENTERLINE
10
52.826511
20
138.888889
30
0.0
0
SEQEND
8
CENTERLINE
0
POLYLINE
8
CENTERLINE
66
1
70
1
0
VERTEX
8
CENTERLINE
10
47.758285
20
139.863548
30
0.0
0
VERTEX
8
CENTERLINE
10
47.953216
20
140.058480
30
0.0
0
VERTEX
8
CENTERLINE
10
48.050682
20
140.058480
30
0.0
0
VERTEX
8
CENTERLINE
10
48.245614
20
139.863548
30
0.0
0
VERTEX
8
CENTERLINE
10
48.050682
20
139.668616
30
0.0
0
VERTEX
8
CENTERLINE
10
47.953216
20
139.668616
30
0.0
0
SEQEND
8
CENTERLINE
0
POLYLINE
8
CENTERLINE
66
1
70
1
0
VERTEX
8
CENTERLINE
10
49.415205
20
140.350877
30
0.0
0
VERTEX
8
CENTERLINE
10
49.707602
20
104.970760
30
0.0
0
VERTEX
8
CENTERLINE
10
50.389864
20
140.350877
30
0.0
0
VERTEX
8
CENTERLINE
10
89.278752
20
117.933723
30
0.0
0
VERTEX
8
CENTERLINE
10
86.939571
20
116.276803
30
0.0
0
VERTEX
8
CENTERLINE
10
90.155945
20
117.056530
30
0.0
0
VERTEX
8
CENTERLINE
10
89.961014
20
33.820663
30
0.0
0
VERTEX
8
CENTERLINE
10
87.426901
20
34.405458
30
0.0
0
VERTEX
8
CENTERLINE
10
89.376218
20
32.748538
30
0.0
0
VERTEX
8
CENTERLINE
10
50.389864
20
10.428850
30
0.0
0
VERTEX
8
CENTERLINE
10
50.194932
20
44.931774
30
0.0
0
VERTEX
8
CENTERLINE
10
49.415205
20
10.428850
30
0.0
0
VERTEX
8
CENTERLINE
10
9.844055
20
33.820663
30
0.0
0
VERTEX
8
CENTERLINE
10
9.649123
20
116.861598
30
0.0
0
VERTEX
8
CENTERLINE
10
31.286550
20
107.992203
30
0.0
0
VERTEX
8
CENTERLINE
10
10.331384
20
117.836257
30
0.0
0
SEQEND
8
CENTERLINE
0
POLYLINE
8
CENTERLINE
66
1
70
1
0
VERTEX
8
CENTERLINE
10
83.138402
20
36.062378
30
0.0
0
VERTEX
8
CENTERLINE
10
83.235867
20
35.964912
30
0.0
0
VERTEX
8
CENTERLINE
10
83.430799
20
35.964912
30
0.0
0
VERTEX
8
CENTERLINE
10
83.625731
20
35.769981
30
0.0
0
VERTEX
8
CENTERLINE
10
83.625731
20
35.672515
30
0.0
0
VERTEX
8
CENTERLINE
10
83.918129
20
35.672515
30
0.0
0
VERTEX
8
CENTERLINE
10
84.015595
20
35.575049
30
0.0
0
VERTEX
8
CENTERLINE
10
84.113060
20
35.575049
30
0.0
0
VERTEX
8
CENTERLINE
10
84.210526
20
35.477583
30
0.0
0
VERTEX
8
CENTERLINE
10
84.307992
20
35.477583
30
0.0
0
VERTEX
8
CENTERLINE
10
84.405458
20
35.380117
30
0.0
0
VERTEX
8
CENTERLINE
10
84.600390
20
35.380117
30
0.0
0
VERTEX
8
CENTERLINE
10
84.697856
20
35.477583
30
0.0
0
VERTEX
8
CENTERLINE
10
84.795322
20
35.477583
30
0.0
0
VERTEX
8
CENTERLINE
10
84.990253
20
35.282651
30
0.0
0
VERTEX
8
CENTERLINE
10
84.990253
20
35.185185
30
0.0
0
VERTEX
8
CENTERLINE
10
85.087719
20
35.185185
30
0.0
0
VERTEX
8
CENTERLINE
10
85.282651
20
34.990253
30
0.0
0
VERTEX
8
CENTERLINE
10
85.477583
20
34.990253
30
0.0
0
VERTEX
8
CENTERLINE
10
85.575049
20
34.892788
30
0.0
0
VERTEX
8
CENTERLINE
10
85.672515
20
34.892788
30
0.0
0
VERTEX
8
CENTERLINE
10
85.769981
20
34.795322
30
0.0
0
VERTEX
8
CENTERLINE
10
85.867446
20
34.795322
30
0.0
0
VERTEX
8
CENTERLINE
10
85.964912
20
34.697856
30
0.0
0
VERTEX
8
CENTERLINE
10
86.159844
20
34.697856
30
0.0
0
VERTEX
8
CENTERLINE
10
86.257310
20
34.795322
30
0.0
0
VERTEX
8
CENTERLINE
10
86.452242
20
34.600390
30
0.0
0
VERTEX
8
CENTERLINE
10
86.549708
20
34.600390
30
0.0
0
VERTEX
8
CENTERLINE
10
86.647173
20
34.502924
30
0.0
0
VERTEX
8
CENTERLINE
10
86.744639
20
34.600390
30
0.0
0
VERTEX
8
CENTERLINE
10
87.037037
20
34.307992
30
0.0
0
VERTEX
8
CENTERLINE
10
87.037037
20
34.405458
30
0.0
0
VERTEX
8
CENTERLINE
10
87.231969
20
34.600390
30
0.0
0
VERTEX
8
CENTERLINE
10
87.231969
20
34.697856
30
0.0
0
VERTEX
8
CENTERLINE
10
87.037037
20
34.697856
30
0.0
0
VERTEX
8
CENTERLINE
10
86.842105
20
34.892788
30
0.0
0
VERTEX
8
CENTERLINE
10
86.744639
20
34.892788
30
0.0
0
VERTEX
8
CENTERLINE
10
86.647173
20
34.990253
30
0.0
0
VERTEX
8
CENTERLINE
10
86.549708
20
34.990253
30
0.0
0
VERTEX
8
CENTERLINE
10
86.452242
20
35.087719
30
0.0
0
VERTEX
8
CENTERLINE
10
86.159844
20
35.087719
30
0.0
0
VERTEX
8
CENTERLINE
10
86.062378
20
35.185185
30
0.0
0
VERTEX
8
CENTERLINE
10
85.964912
20
35.185185
30
0.0
0
VERTEX
8
CENTERLINE
10
85.867446
20
35.282651
30
0.0
0
VERTEX
8
CENTERLINE
10
85.769981
20
35.282651
30
0.0
0
VERTEX
8
CENTERLINE
10
85.672515
20
35.380117
30
0.0
0
VERTEX
8
CENTERLINE
10
85.380117
20
35.380117
30
0.0
0
VERTEX
8
CENTERLINE
10
85.087719
20
35.672515
30
0.0
0
VERTEX
8
CENTERLINE
10
84.795322
20
35.672515
30
0.0
0
VERTEX
8
CENTERLINE
10
84.600390
20
35.867446
30
0.0
0
VERTEX
8
CENTERLINE
10
84.502924
20
35.769981
30
0.0
0
VERTEX
8
CENTERLINE
10
84.307992
20
35.964912
30
0.0
0
VERTEX
8
CENTERLINE
10
84.210526
20
35.964912
30
0.0
0
VERTEX
8
CENTERLINE
10
84.113060
20
36.062378
30
0.0
0
VERTEX
8
CENTERLINE
10
83.820663
20
36.062378
30
0.0
0
VERTEX
8
CENTERLINE
10
83.625731
20
36.257310
30
0.0
0
VERTEX
8
CENTERLINE
10
83.430799
20
36.257310
30
0.0
0
VERTEX
8
CENTERLINE
10
83.235867
20
36.062378
30
0.0
0
SEQEND
8
CENTERLINE
0
POLYLINE
8
CENTERLINE
66
1
70
1
0
VERTEX
8
CENTERLINE
10
74.658869
20
40.058480
30
0.0
0
VERTEX
8
CENTERLINE
10
74.658869
20
39.863548
30
0.0
0
VERTEX
8
CENTERLINE
10
74.756335
20
39.766082
30
0.0
0
VERTEX
8
CENTERLINE
10
74.658869
20
39.668616
30
0.0
0
VERTEX
8
CENTERLINE
10
74.756335
20
39.668616
30
0.0
0
VERTEX
8
CENTERLINE
10
74.951267
20
39.473684
30
0.0
0
VERTEX
8
CENTERLINE
10
75.243665
20
39.473684
30
0.0
0
VERTEX
8
CENTERLINE
10
75.341131
20
39.571150
30
0.0
0
VERTEX
8
CENTERLINE
10
75.633528
20
39.181287
30
0.0
0
VERTEX
8
CENTERLINE
10
75.730994
20
39.181287
30
0.0
0
VERTEX
8
CENTERLINE
10
76.023392
20
38.986355
30
0.0
0
VERTEX
8
CENTERLINE
10
76.218324
20
38.986355
30
0.0
0
VERTEX
8
CENTERLINE
10
76.608187
20
38.693957
30
0.0
0
VERTEX
8
CENTERLINE
10
76.705653
20
38.791423
30
0.0
0
VERTEX
8
CENTERLINE
10
76.900585
20
38.791423
30
0.0
0
VERTEX
8
CENTERLINE
10
77.192982
20
38.499025
30
0.0
0
VERTEX
8
CENTERLINE
10
77.290448
20
38.499025
30
0.0
0
VERTEX
8
CENTERLINE
10
77.387914
20
38.401559
30
0.0
0
VERTEX
8
CENTERLINE
10
77.777778
20
38.401559
30
0.0
0
VERTEX
8
CENTERLINE
10
77.875244
20
38.304094
30
0.0
0
VERTEX
8
CENTERLINE
10
77.972710
20
38.304094
30
0.0
0
VERTEX
8
CENTERLINE
10
78.265107
20
38.011696
30
0.0
0
VERTEX
8
CENTERLINE
10
78.362573
20
38.109162
30
0.0
0
VERTEX
8
CENTERLINE
10
78.460039
20
38.109162
30
0.0
0
VERTEX
8
CENTERLINE
10
78.557505
20
38.011696
30
0.0
0
VERTEX
8
CENTERLINE
10
79.239766
20
37.719298
30
0.0
0
VERTEX
8
CENTERLINE
10
79.532164
20
37.426901
30
0.0
0
VERTEX
8
CENTERLINE
10
79.824561
20
37.426901
30
0.0
0
VERTEX
8
CENTERLINE
10
79.922027
20
37.329435
30
0.0
0
VERTEX
8
CENTERLINE
10
80.214425
20
37.329435
30
0.0
0
VERTEX
8
CENTERLINE
10
80.311891
20
37.231969
30
0.0
0
VERTEX
8
CENTERLINE
10
80.506823
20
37.231969
30
0.0
0
VERTEX
8
CENTERLINE
10
80.604288
20
37.134503
30
0.0
0
VERTEX
8
CENTERLINE
10
80.701754
20
37.134503
30
0.0
0
VERTEX
8
CENTERLINE
10
80.994152
20
36.842105
30
0.0
0
VERTEX
8
CENTERLINE
10
81.578947
20
36.842105
30
0.0
0
VERTEX
8
CENTERLINE
10
81.968811
20
36.452242
30
0.0
0
VERTEX
8
CENTERLINE
10
82.163743
20
36.452242
30
0.0
0
VERTEX
8
CENTERLINE
10
82.358674
20
36.257310
30
0.0
0
VERTEX
8
CENTERLINE
10
82.358674
20
36.452242
30
0.0
0
VERTEX
8
CENTERLINE
10
82.261209
20
36.549708
30
0.0
0
VERTEX
8
CENTERLINE
10
82.358674
20
36.647173
30
0.0
0
VERTEX
8
CENTERLINE
10
82.358674
20
36.744639
30
0.0
0
VERTEX
8
CENTERLINE
10
82.066277
20
36.939571
30
0.0
0
VERTEX
8
CENTERLINE
10
81.773879
20
36.939571
30
0.0
0
VERTEX
8
CENTERLINE
10
81.481481
20
37.231969
30
0.0
0
VERTEX
8
CENTERLINE
10
81.384016
20
37.231969
30
0.0
0
VERTEX
8
CENTERLINE
10
81.286550
20
37.329435
30
0.0
0
VERTEX
8
CENTERLINE
10
80.896686
20
37.329435
30
0.0
0
VERTEX
8
CENTERLINE
10
80.799220
20
37.426901
30
0.0
0
VERTEX
8
CENTERLINE
10
80.701754
20
37.329435
30
0.0
0
VERTEX
8
CENTERLINE
10
80.506823
20
37.524366
30
0.0
0
VERTEX
8
CENTERLINE
10
80.409357
20
37.524366
30
0.0
0
VERTEX
8
CENTERLINE
10
80.214425
20
37.719298
30
0.0
0
VERTEX
8
CENTERLINE
10
80.116959
20
37.719298
30
0.0
0
VERTEX
8
CENTERLINE
10
79.824561
20
37.914230
30
0.0
0
VERTEX
8
CENTERLINE
10
79.727096
20
37.816764
30
0.0
0
VERTEX
8
CENTERLINE
10
78.947368
20
38.304094
30
0.0
0
VERTEX
8
CENTERLINE
10
78.752437
20
38.304094
30
0.0
0
VERTEX
8
CENTERLINE
10
78.654971
20
38.401559
30
0.0
0
VERTEX
8
CENTERLINE
10
78.557505
20
38.304094
30
0.0
0
VERTEX
8
CENTERLINE
10
78.362573
20
38.499025
30
0.0
0
VERTEX
8
CENTERLINE
10
78.362573
20
38.596491
30
0.0
0
VERTEX
8
CENTERLINE
10
78.265107
20
38.596491
30
0.0
0
VERTEX
8
CENTERLINE
10
78.167641
20
38.693957
30
0.0
0
VERTEX
8
CENTERLINE
10
77.777778
20
38.693957
30
0.0
0
VERTEX
8
CENTERLINE
10
77.582846
20
38.499025
30
0.0
0
VERTEX
8
CENTERLINE
10
77.387914
20
38.693957
30
0.0
0
VERTEX
8
CENTERLINE
10
77.387914
20
38.791423
30
0.0
0
VERTEX
8
CENTERLINE
10
77.192982
20
39.083821
30
0.0
0
VERTEX
8
CENTERLINE
10
76.998051
20
39.083821
30
0.0
0
VERTEX
8
CENTERLINE
10
77.095517
20
38.986355
30
0.0
0
VERTEX
8
CENTERLINE
10
76.900585
20
38.791423
30
0.0
0
VERTEX
8
CENTERLINE
10
76.803119
20
38.888889
30
0.0
0
VERTEX
8
CENTERLINE
10
76.608187
20
38.888889
30
0.0
0
VERTEX
8
CENTERLINE
10
76.510721
20
38.986355
30
0.0
0
VERTEX
8
CENTERLINE
10
76.413255
20
38.888889
30
0.0
0
VERTEX
8
CENTERLINE
10
76.315789
20
38.888889
30
0.0
0
VERTEX
8
CENTERLINE
10
76.120858
20
39.083821
30
0.0
0
VERTEX
8
CENTERLINE
10
76.315789
20
39.278752
30
0.0
0
VERTEX
8
CENTERLINE
10
76.510721
20
39.278752
30
0.0
0
VERTEX
8
CENTERLINE
10
76.510721
20
39.376218
30
0.0
0
VERTEX
8
CENTERLINE
10
76.413255
20
39.376218
30
0.0
0
VERTEX
8
CENTERLINE
10
76.315789
20
39.473684
30
0.0
0
VERTEX
8
CENTERLINE
10
76.023392
20
39.473684
30
0.0
0
VERTEX
8
CENTERLINE
10
74.951267
20
40.058480
30
0.0
0
SEQEND
8
CENTERLINE
0
POLYLINE
8
CENTERLINE
66
1
70
1
0
VERTEX
8
CENTERLINE
10
28.947368
20
41.325536
30
0.0
0
VERTEX
8
CENTERLINE
10
28.752437
20
41.228070
30
0.0
0
VERTEX
8
CENTERLINE
10
28.362573
20
41.325536
30
0.0
0
VERTEX
8
CENTERLINE
10
28.167641
20
41.130604
30
0.0
0
VERTEX
8
CENTERLINE
10
27.875244
20
41.228070
30
0.0
0
VERTEX
8
CENTERLINE
10
27.290448
20
41.130604
30
0.0
0
VERTEX
8
CENTERLINE
10
26.510721
20
40.643275
30
0.0
0
VERTEX
8
CENTERLINE
10
25.048733
20
40.155945
30
0.0
0
VERTEX
8
CENTERLINE
10
22.319688
20
38.791423
30
0.0
0
VERTEX
8
CENTERLINE
10
21.539961
20
38.693957
30
0.0
0
VERTEX
8
CENTERLINE
10
20.565302
20
38.011696
30
0.0
0
VERTEX
8
CENTERLINE
10
20.272904
20
38.011696
30
0.0
0
VERTEX
8
CENTERLINE
10
20.175439
20
37.914230
30
0.0
0
VERTEX
8
CENTERLINE
10
20.370370
20
37.719298
30
0.0
0
VERTEX
8
CENTERLINE
10
20.175439
20
37.524366
30
0.0
0
VERTEX
8
CENTERLINE
10
19.883041
20
37.816764
30
0.0
0
VERTEX
8
CENTERLINE
10
19.688109
20
37.816764
30
0.0
0
VERTEX
8
CENTERLINE
10
19.005848
20
37.329435
30
0.0
0
VERTEX
8
CENTERLINE
10
18.908382
20
37.426901
30
0.0
0
VERTEX
8
CENTERLINE
10
17.836257
20
37.037037
30
0.0
0
VERTEX
8
CENTERLINE
10
17.056530
20
36.549708
30
0.0
0
VERTEX
8
CENTERLINE
10
16.959064
20
36.647173
30
0.0
0
VERTEX
8
CENTERLINE
10
15.399610
20
35.867446
30
0.0
0
VERTEX
8
CENTERLINE
10
15.204678
20
35.575049
30
0.0
0
VERTEX
8
CENTERLINE
10
14.814815
20
35.672515
30
0.0
0
VERTEX
8
CENTERLINE
10
14.132554
20
35.380117
30
0.0
0
VERTEX
8
CENTERLINE
10
13.742690
20
34.990253
30
0.0
0
VERTEX
8
CENTERLINE
10
13.547758
20
35.087719
30
0.0
0
VERTEX
8
CENTERLINE
10
13.060429
20
34.795322
30
0.0
0
VERTEX
8
CENTERLINE
10
12.768031
20
34.795322
30
0.0
0
VERTEX
8
CENTERLINE
10
12.865497
20
34.600390
30
0.0
0
VERTEX
8
CENTERLINE
10
12.573099
20
34.210526
30
0.0
0
VERTEX
8
CENTERLINE
10
12.280702
20
34.502924
30
0.0
0
VERTEX
8
CENTERLINE
10
11.695906
20
34.405458
30
0.0
0
VERTEX
8
CENTERLINE
10
10.916179
20
33.918129
30
0.0
0
VERTEX
8
CENTERLINE
10
10.721248
20
33.430799
30
0.0
0
VERTEX
8
CENTERLINE
10
10.916179
20
33.430799
30
0.0
0
VERTEX
8
CENTERLINE
10
11.403509
20
33.820663
30
0.0
0
VERTEX
8
CENTERLINE
10
12.280702
20
34.015595
30
0.0
0
VERTEX
8
CENTERLINE
10
13.060429
20
34.502924
30
0.0
0
VERTEX
8
CENTERLINE
10
13.840156
20
34.697856
30
0.0
0
VERTEX
8
CENTERLINE
10
14.327485
20
35.087719
30
0.0
0
VERTEX
8
CENTERLINE
10
14.912281
20
35.185185
30
0.0
0
VERTEX
8
CENTERLINE
10
15.594542
20
35.575049
30
0.0
0
VERTEX
8
CENTERLINE
10
15.984405
20
35.575049
30
0.0
0
VERTEX
8
CENTERLINE
10
16.471735
20
36.062378
30
0.0
0
VERTEX
8
CENTERLINE
10
16.764133
20
35.964912
30
0.0
0
VERTEX
8
CENTERLINE
10
17.056530
20
36.257310
30
0.0
0
VERTEX
8
CENTERLINE
10
17.153996
20
36.159844
30
0.0
0
VERTEX
8
CENTERLINE
10
17.738791
20
36.549708
30
0.0
0
VERTEX
8
CENTERLINE
10
17.836257
20
36.452242
30
0.0
0
VERTEX
8
CENTERLINE
10
18.518519
20
36.744639
30
0.0
0
VERTEX
8
CENTERLINE
10
18.421053
20
36.842105
30
0.0
0
VERTEX
8
CENTERLINE
10
18.615984
20
37.037037
30
0.0
0
VERTEX
8
CENTERLINE
10
18.810916
20
36.939571
30
0.0
0
VERTEX
8
CENTERLINE
10
19.883041
20
37.426901
30
0.0
0
VERTEX
8
CENTERLINE
10
19.980507
20
37.329435
30
0.0
0
VERTEX
8
CENTERLINE
10
20.565302
20
37.719298
30
0.0
0
VERTEX
8
CENTERLINE
10
20.857700
20
37.719298
30
0.0
0
VERTEX
8
CENTERLINE
10
21.247563
20
37.914230
30
0.0
0
VERTEX
8
CENTERLINE
10
21.150097
20
38.109162
30
0.0
0
VERTEX
8
CENTERLINE
10
21.345029
20
38.304094
30
0.0
0
VERTEX
8
CENTERLINE
10
21.539961
20
38.206628
30
0.0
0
VERTEX
8
CENTERLINE
10
21.832359
20
38.401559
30
0.0
0
VERTEX
8
CENTERLINE
10
22.027290
20
38.304094
30
0.0
0
VERTEX
8
CENTERLINE
10
22.319688
20
38.499025
30
0.0
0
VERTEX
8
CENTERLINE
10
22.417154
20
38.401559
30
0.0
0
VERTEX
8
CENTERLINE
10
22.709552
20
38.499025
30
0.0
0
VERTEX
8
CENTERLINE
10
22.904483
20
38.693957
30
0.0
0
VERTEX
8
CENTERLINE
10
23.586745
20
38.888889
30
0.0
0
VERTEX
8
CENTERLINE
10
24.366472
20
39.473684
30
0.0
0
VERTEX
8
CENTERLINE
10
24.756335
20
39.376218
30
0.0
0
VERTEX
8
CENTERLINE
10
25.048733
20
39.668616
30
0.0
0
VERTEX
8
CENTERLINE
10
25.146199
20
39.571150
30
0.0
0
VERTEX
8
CENTERLINE
10
26.413255
20
40.350877
30
0.0
0
VERTEX
8
CENTERLINE
10
26.803119
20
40.253411
30
0.0
0
VERTEX
8
CENTERLINE
10
27.387914
20
40.545809
30
0.0
0
VERTEX
8
CENTERLINE
10
27.777778
20
40.935673
30
0.0
0
VERTEX
8
CENTERLINE
10
28.167641
20
40.838207
30
0.0
0
VERTEX
8
CENTERLINE
10
28.557505
20
41.228070
30
0.0
0
VERTEX
8
CENTERLINE
10
28.849903
20
41.130604
30
0.0
0
SEQEND
8
CENTERLINE
0
POLYLINE
8
CENTERLINE
66
1
70
1
0
VERTEX
8
CENTERLINE
10
60.623782
20
46.101365
30
0.0
0
VERTEX
8
CENTERLINE
10
60.721248
20
45.906433
30
0.0
0
VERTEX
8
CENTERLINE
10
60.526316
20
45.711501
30
0.0
0
VERTEX
8
CENTERLINE
10
60.623782
20
45.614035
30
0.0
0
VERTEX
8
CENTERLINE
10
61.208577
20
45.516569
30
0.0
0
VERTEX
8
CENTERLINE
10
61.988304
20
45.029240
30
0.0
0
VERTEX
8
CENTERLINE
10
62.280702
20
45.126706
30
0.0
0
VERTEX
8
CENTERLINE
10
62.865497
20
44.736842
30
0.0
0
VERTEX
8
CENTERLINE
10
63.060429
20
44.834308
30
0.0
0
VERTEX
8
CENTERLINE
10
63.255361
20
44.541910
30
0.0
0
VERTEX
8
CENTERLINE
10
63.450292
20
44.541910
30
0.0
0
VERTEX
8
CENTERLINE
10
63.742690
20
44.249513
30
0.0
0
VERTEX
8
CENTERLINE
10
63.937622
20
44.346979
30
0.0
0
VERTEX
8
CENTERLINE
10
64.230019
20
44.152047
30
0.0
0
VERTEX
8
CENTERLINE
10
64.424951
20
44.152047
30
0.0
0
VERTEX
8
CENTERLINE
10
64.717349
20
43.859649
30
0.0
0
VERTEX
8
CENTERLINE
10
65.009747
20
43.859649
30
0.0
0
VERTEX
8
CENTERLINE
10
65.399610
20
43.567251
30
0.0
0
VERTEX
8
CENTERLINE
10
66.179337
20
43.372320
30
0.0
0
VERTEX
8
CENTERLINE
10
67.348928
20
42.690058
30
0.0
0
VERTEX
8
CENTERLINE
10
67.641326
20
42.690058
30
0.0
0
VERTEX
8
CENTERLINE
10
68.031189
20
42.397661
30
0.0
0
VERTEX
8
CENTERLINE
10
68.226121
20
42.495127
30
0.0
0
VERTEX
8
CENTERLINE
10
68.810916
20
42.105263
30
0.0
0
VERTEX
8
CENTERLINE
10
69.103314
20
42.105263
30
0.0
0
VERTEX
8
CENTERLINE
10
69.590643
20
41.715400
30
0.0
0
VERTEX
8
CENTERLINE
10
70.272904
20
41.617934
30
0.0
0
VERTEX
8
CENTERLINE
10
70.662768
20
41.325536
30
0.0
0
VERTEX
8
CENTERLINE
10
70.857700
20
41.617934
30
0.0
0
VERTEX
8
CENTERLINE
10
71.052632
20
41.423002
30
0.0
0
VERTEX
8
CENTERLINE
10
70.955166
20
41.325536
30
0.0
0
VERTEX
8
CENTERLINE
10
71.052632
20
41.130604
30
0.0
0
VERTEX
8
CENTERLINE
10
71.637427
20
41.033138
30
0.0
0
VERTEX
8
CENTERLINE
10
72.027290
20
40.740741
30
0.0
0
VERTEX
8
CENTERLINE
10
72.904483
20
40.448343
30
0.0
0
VERTEX
8
CENTERLINE
10
73.489279
20
40.058480
30
0.0
0
VERTEX
8
CENTERLINE
10
74.269006
20
39.863548
30
0.0
0
VERTEX
8
CENTERLINE
10
74.366472
20
40.253411
30
0.0
0
VERTEX
8
CENTERLINE
10
73.976608
20
40.448343
30
0.0
0
VERTEX
8
CENTERLINE
10
73.879142
20
40.350877
30
0.0
0
VERTEX
8
CENTERLINE
10
73.586745
20
40.643275
30
0.0
0
VERTEX
8
CENTERLINE
10
73.294347
20
40.643275
30
0.0
0
VERTEX
8
CENTERLINE
10
72.612086
20
41.033138
30
0.0
0
VERTEX
8
CENTERLINE
10
72.514620
20
40.935673
30
0.0
0
VERTEX
8
CENTERLINE
10
72.319688
20
41.130604
30
0.0
0
VERTEX
8
CENTERLINE
10
71.832359
20
41.228070
30
0.0
0
VERTEX
8
CENTERLINE
10
71.247563
20
41.617934
30
0.0
0
VERTEX
8
CENTERLINE
10
70.955166
20
41.617934
30
0.0
0
VERTEX
8
CENTERLINE
10
70.175439
20
42.105263
30
0.0
0
VERTEX
8
CENTERLINE
10
69.785575
20
42.007797
30
0.0
0
VERTEX
8
CENTERLINE
10
69.590643
20
42.300195
30
0.0
0
VERTEX
8
CENTERLINE
10
69.298246
20
42.397661
30
0.0
0
VERTEX
8
CENTERLINE
10
69.005848
20
42.300195
30
0.0
0
VERTEX
8
CENTERLINE
10
68.713450
20
42.690058
30
0.0
0
VERTEX
8
CENTERLINE
10
68.128655
20
42.787524
30
0.0
0
VERTEX
8
CENTERLINE
10
67.641326
20
43.177388
30
0.0
0
VERTEX
8
CENTERLINE
10
67.153996
20
43.079922
30
0.0
0
VERTEX
8
CENTERLINE
10
66.959064
20
43.274854
30
0.0
0
VERTEX
8
CENTERLINE
10
67.056530
20
43.372320
30
0.0
0
VERTEX
8
CENTERLINE
10
66.959064
20
43.469786
30
0.0
0
VERTEX
8
CENTERLINE
10
66.764133
20
43.469786
30
0.0
0
VERTEX
8
CENTERLINE
10
66.081871
20
43.859649
30
0.0
0
VERTEX
8
CENTERLINE
10
65.789474
20
43.859649
30
0.0
0
VERTEX
8
CENTERLINE
10
65.886940
20
43.762183
30
0.0
0
VERTEX
8
CENTERLINE
10
65.692008
20
43.567251
30
0.0
0
VERTEX
8
CENTERLINE
10
65.399610
20
43.859649
30
0.0
0
VERTEX
8
CENTERLINE
10
65.497076
20
43.957115
30
0.0
0
VERTEX
8
CENTERLINE
10
65.399610
20
44.152047
30
0.0
0
VERTEX
8
CENTERLINE
10
64.619883
20
44.346979
30
0.0
0
VERTEX
8
CENTERLINE
10
64.132554
20
44.736842
30
0.0
0
VERTEX
8
CENTERLINE
10
63.840156
20
44.736842
30
0.0
0
VERTEX
8
CENTERLINE
10
63.547758
20
44.931774
30
0.0
0
VERTEX
8
CENTERLINE
10
63.060429
20
45.029240
30
0.0
0
VERTEX
8
CENTERLINE
10
62.475634
20
45.419103
30
0.0
0
VERTEX
8
CENTERLINE
10
62.183236
20
45.419103
30
0.0
0
VERTEX
8
CENTERLINE
10
61.988304
20
45.614035
30
0.0
0
VERTEX
8
CENTERLINE
10
61.695906
20
45.614035
30
0.0
0
VERTEX
8
CENTERLINE
10
61.111111
20
46.003899
30
0.0
0
VERTEX
8
CENTERLINE
10
60.721248
20
46.003899
30
0.0
0
SEQEND
8
CENTERLINE
0
POLYLINE
8
CENTERLINE
66
1
70
1
0
VERTEX
8
CENTERLINE
10
39.376218
20
45.808967
30
0.0
0
VERTEX
8
CENTERLINE
10
39.181287
20
46.101365
30
0.0
0
VERTEX
8
CENTERLINE
10
38.986355
20
46.101365
30
0.0
0
VERTEX
8
CENTERLINE
10
38.791423
20
45.906433
30
0.0
0
VERTEX
8
CENTERLINE
10
38.499025
20
45.906433
30
0.0
0
VERTEX
8
CENTERLINE
10
38.109162
20
45.614035
30
0.0
0
VERTEX
8
CENTERLINE
10
37.816764
20
45.614035
30
0.0
0
VERTEX
8
CENTERLINE
10
37.329435
20
45.321637
30
0.0
0
VERTEX
8
CENTERLINE
10
37.134503
20
45.321637
30
0.0
0
VERTEX
8
CENTERLINE
10
36.452242
20
44.834308
30
0.0
0
VERTEX
8
CENTERLINE
10
36.354776
20
44.931774
30
0.0
0
VERTEX
8
CENTERLINE
10
35.964912
20
44.639376
30
0.0
0
VERTEX
8
CENTERLINE
10
35.769981
20
44.639376
30
0.0
0
VERTEX
8
CENTERLINE
10
35.575049
20
44.444444
30
0.0
0
VERTEX
8
CENTERLINE
10
35.282651
20
44.541910
30
0.0
0
VERTEX
8
CENTERLINE
10
34.600390
20
44.152047
30
0.0
0
VERTEX
8
CENTERLINE
10
34.307992
20
44.152047
30
0.0
0
VERTEX
8
CENTERLINE
10
33.820663
20
43.859649
30
0.0
0
VERTEX
8
CENTERLINE
10
33.723197
20
43.664717
30
0.0
0
VERTEX
8
CENTERLINE
10
33.820663
20
43.567251
30
0.0
0
VERTEX
8
CENTERLINE
10
33.625731
20
43.372320
30
0.0
0
VERTEX
8
CENTERLINE
10
33.430799
20
43.567251
30
0.0
0
VERTEX
8
CENTERLINE
10
33.528265
20
43.664717
30
0.0
0
VERTEX
8
CENTERLINE
10
33.430799
20
43.664717
30
0.0
0
VERTEX
8
CENTERLINE
10
33.040936
20
43.372320
30
0.0
0
VERTEX
8
CENTERLINE
10
32.651072
20
43.372320
30
0.0
0
VERTEX
8
CENTERLINE
10
32.261209
20
43.079922
30
0.0
0
VERTEX
8
CENTERLINE
10
32.163743
20
43.177388
30
0.0
0
VERTEX
8
CENTERLINE
10
31.773879
20
42.884990
30
0.0
0
VERTEX
8
CENTERLINE
10
31.578947
20
42.884990
30
0.0
0
VERTEX
8
CENTERLINE
10
31.384016
20
42.690058
30
0.0
0
VERTEX
8
CENTERLINE
10
31.189084
20
42.690058
30
0.0
0
VERTEX
8
CENTERLINE
10
30.701754
20
42.105263
30
0.0
0
VERTEX
8
CENTERLINE
10
30.604288
20
42.105263
30
0.0
0
VERTEX
8
CENTERLINE
10
30.409357
20
42.397661
30
0.0
0
VERTEX
8
CENTERLINE
10
30.214425
20
42.202729
30
0.0
0
VERTEX
8
CENTERLINE
10
29.922027
20
42.202729
30
0.0
0
VERTEX
8
CENTERLINE
10
29.142300
20
41.715400
30
0.0
0
VERTEX
8
CENTERLINE
10
29.044834
20
41.812865
30
0.0
0
VERTEX
8
CENTERLINE
10
28.849903
20
41.715400
30
0.0
0
VERTEX
8
CENTERLINE
10
28.849903
20
41.617934
30
0.0
0
VERTEX
8
CENTERLINE
10
28.947368
20
41.520468
30
0.0
0
VERTEX
8
CENTERLINE
10
29.044834
20
41.617934
30
0.0
0
VERTEX
8
CENTERLINE
10
29.727096
20
41.617934
30
0.0
0
VERTEX
8
CENTERLINE
10
30.214425
20
41.910331
30
0.0
0
VERTEX
8
CENTERLINE
10
30.311891
20
41.812865
30
0.0
0
VERTEX
8
CENTERLINE
10
30.701754
20
42.007797
30
0.0
0
VERTEX
8
CENTERLINE
10
30.994152
20
42.300195
30
0.0
0
VERTEX
8
CENTERLINE
10
31.286550
20
42.202729
30
0.0
0
VERTEX
8
CENTERLINE
10
31.481481
20
42.300195
30
0.0
0
VERTEX
8
CENTERLINE
10
31.676413
20
42.592593
30
0.0
0
VERTEX
8
CENTERLINE
10
32.066277
20
42.592593
30
0.0
0
VERTEX
8
CENTERLINE
10
32.358674
20
42.787524
30
0.0
0
VERTEX
8
CENTERLINE
10
32.358674
20
42.982456
30
0.0
0
VERTEX
8
CENTERLINE
10
32.651072
20
43.274854
30
0.0
0
VERTEX
8
CENTERLINE
10
32.846004
20
42.982456
30
0.0
0
VERTEX
8
CENTERLINE
10
33.235867
20
43.177388
30
0.0
0
VERTEX
8
CENTERLINE
10
33.528265
20
43.177388
30
0.0
0
VERTEX
8
CENTERLINE
10
33.820663
20
43.469786
30
0.0
0
VERTEX
8
CENTERLINE
10
34.015595
20
43.469786
30
0.0
0
VERTEX
8
CENTERLINE
10
33.918129
20
43.664717
30
0.0
0
VERTEX
8
CENTERLINE
10
34.113060
20
43.859649
30
0.0
0
VERTEX
8
CENTERLINE
10
34.307992
20
43.664717
30
0.0
0
VERTEX
8
CENTERLINE
10
34.210526
20
43.567251
30
0.0
0
VERTEX
8
CENTERLINE
10
34.600390
20
43.664717
30
0.0
0
VERTEX
8
CENTERLINE
10
34.795322
20
43.957115
30
0.0
0
VERTEX
8
CENTERLINE
10
34.892788
20
43.859649
30
0.0
0
VERTEX
8
CENTERLINE
10
35.185185
20
44.054581
30
0.0
0
VERTEX
8
CENTERLINE
10
35.477583
20
44.054581
30
0.0
0
VERTEX
8
CENTERLINE
10
35.769981
20
44.346979
30
0.0
0
VERTEX
8
CENTERLINE
10
36.257310
20
44.346979
30
0.0
0
VERTEX
8
CENTERLINE
10
36.452242
20
44.541910
30
0.0
0
VERTEX
8
CENTERLINE
10
36.842105
20
44.639376
30
0.0
0
VERTEX
8
CENTERLINE
10
37.231969
20
44.931774
30
0.0
0
VERTEX
8
CENTERLINE
10
37.524366
20
44.931774
30
0.0
0
VERTEX
8
CENTERLINE
10
37.719298
20
45.126706
30
0.0
0
VERTEX
8
CENTERLINE
10
38.011696
20
45.126706
30
0.0
0
VERTEX
8
CENTERLINE
10
38.206628
20
45.321637
30
0.0
0
VERTEX
8
CENTERLINE
10
38.401559
20
45.321637
30
0.0
0
VERTEX
8
CENTERLINE
10
38.596491
20
45.516569
30
0.0
0
VERTEX
8
CENTERLINE
10
38.888889
20
45.516569
30
0.0
0
VERTEX
8
CENTERLINE
10
39.083821
20
45.711501
30
0.0
0
VERTEX
8
CENTERLINE
10
39.376218
20
45.711501
30
0.0
0
SEQEND
8
CENTERLINE
0
POLYLINE
8
CENTERLINE
66
1
70
1
0
VERTEX
8
CENTERLINE
10
56.725146
20
71.734893
30
0.0
0
VERTEX
8
CENTERLINE
10
56.432749
20
71.442495
30
0.0
0
VERTEX
8
CENTERLINE
10
56.432749
20
55.945419
30
0.0
0
VERTEX
8
CENTERLINE
10
56.530214
20
55.750487
30
0.0
0
VERTEX
8
CENTERLINE
10
57.017544
20
55.653021
30
0.0
0
VERTEX
8
CENTERLINE
10
63.157895
20
55.653021
30
0.0
0
VERTEX
8
CENTERLINE
10
63.157895
20
57.894737
30
0.0
0
VERTEX
8
CENTERLINE
10
58.869396
20
57.797271
30
0.0
0
VERTEX
8
CENTERLINE
10
58.576998
20
58.089669
30
0.0
0
VERTEX
8
CENTERLINE
10
58.576998
20
62.573099
30
0.0
0
VERTEX
8
CENTERLINE
10
59.161793
20
62.865497
30
0.0
0
VERTEX
8
CENTERLINE
10
59.356725
20
62.573099
30
0.0
0
VERTEX
8
CENTERLINE
10
61.598441
20
62.573099
30
0.0
0
VERTEX
8
CENTERLINE
10
61.890838
20
62.865497
30
0.0
0
VERTEX
8
CENTERLINE
10
61.793372
20
64.717349
30
0.0
0
VERTEX
8
CENTERLINE
10
58.771930
20
64.717349
30
0.0
0
VERTEX
8
CENTERLINE
10
58.576998
20
64.912281
30
0.0
0
VERTEX
8
CENTERLINE
10
58.576998
20
69.395712
30
0.0
0
VERTEX
8
CENTERLINE
10
59.161793
20
69.785575
30
0.0
0
VERTEX
8
CENTERLINE
10
59.356725
20
69.590643
30
0.0
0
VERTEX
8
CENTERLINE
10
63.157895
20
69.590643
30
0.0
0
VERTEX
8
CENTERLINE
10
63.255361
20
71.637427
30
0.0
0
SEQEND
8
CENTERLINE
0
POLYLINE
8
CENTERLINE
66
1
70
1
0
VERTEX
8
CENTERLINE
10
26.705653
20
71.734893
30
0.0
0
VERTEX
8
CENTERLINE
10
26.608187
20
55.750487
30
0.0
0
VERTEX
8
CENTERLINE
10
28.849903
20
55.750487
30
0.0
0
VERTEX
8
CENTERLINE
10
28.849903
20
61.695906
30
0.0
0
VERTEX
8
CENTERLINE
10
29.044834
20
61.890838
30
0.0
0
VERTEX
8
CENTERLINE
10
30.604288
20
61.890838
30
0.0
0
VERTEX
8
CENTERLINE
10
31.189084
20
61.208577
30
0.0
0
VERTEX
8
CENTERLINE
10
30.994152
20
61.013645
30
0.0
0
VERTEX
8
CENTERLINE
10
31.189084
20
60.623782
30
0.0
0
VERTEX
8
CENTERLINE
10
31.189084
20
59.746589
30
0.0
0
VERTEX
8
CENTERLINE
10
31.384016
20
59.551657
30
0.0
0
VERTEX
8
CENTERLINE
10
31.384016
20
58.966862
30
0.0
0
VERTEX
8
CENTERLINE
10
31.676413
20
58.771930
30
0.0
0
VERTEX
8
CENTERLINE
10
31.578947
20
58.382066
30
0.0
0
VERTEX
8
CENTERLINE
10
31.871345
20
57.797271
30
0.0
0
VERTEX
8
CENTERLINE
10
31.871345
20
57.017544
30
0.0
0
VERTEX
8
CENTERLINE
10
32.261209
20
55.750487
30
0.0
0
VERTEX
8
CENTERLINE
10
34.307992
20
55.653021
30
0.0
0
VERTEX
8
CENTERLINE
10
34.502924
20
55.750487
30
0.0
0
VERTEX
8
CENTERLINE
10
34.405458
20
56.822612
30
0.0
0
VERTEX
8
CENTERLINE
10
34.015595
20
57.309942
30
0.0
0
VERTEX
8
CENTERLINE
10
34.015595
20
58.089669
30
0.0
0
VERTEX
8
CENTERLINE
10
33.723197
20
58.576998
30
0.0
0
VERTEX
8
CENTERLINE
10
33.625731
20
59.746589
30
0.0
0
VERTEX
8
CENTERLINE
10
33.040936
20
61.111111
30
0.0
0
VERTEX
8
CENTERLINE
10
33.138402
20
61.306043
30
0.0
0
VERTEX
8
CENTERLINE
10
32.846004
20
62.183236
30
0.0
0
VERTEX
8
CENTERLINE
10
32.846004
20
62.768031
30
0.0
0
VERTEX
8
CENTERLINE
10
33.138402
20
63.450292
30
0.0
0
VERTEX
8
CENTERLINE
10
33.723197
20
63.742690
30
0.0
0
VERTEX
8
CENTERLINE
10
33.625731
20
64.132554
30
0.0
0
VERTEX
8
CENTERLINE
10
33.918129
20
64.327485
30
0.0
0
VERTEX
8
CENTERLINE
10
33.918129
20
64.814815
30
0.0
0
VERTEX
8
CENTERLINE
10
34.113060
20
65.009747
30
0.0
0
VERTEX
8
CENTERLINE
10
34.210526
20
68.031189
30
0.0
0
VERTEX
8
CENTERLINE
10
34.015595
20
68.518519
30
0.0
0
VERTEX
8
CENTERLINE
10
34.113060
20
68.810916
30
0.0
0
VERTEX
8
CENTERLINE
10
33.723197
20
69.103314
30
0.0
0
VERTEX
8
CENTERLINE
10
34.015595
20
69.395712
30
0.0
0
VERTEX
8
CENTERLINE
10
33.820663
20
69.980507
30
0.0
0
VERTEX
8
CENTERLINE
10
33.528265
20
70.370370
30
0.0
0
VERTEX
8
CENTERLINE
10
33.040936
20
70.565302
30
0.0
0
VERTEX
8
CENTERLINE
10
32.846004
20
71.052632
30
0.0
0
VERTEX
8
CENTERLINE
10
31.871345
20
71.539961
30
0.0
0
VERTEX
8
CENTERLINE
10
31.091618
20
71.539961
30
0.0
0
VERTEX
8
CENTERLINE
10
30.896686
20
71.734893
30
0.0
0
SEQEND
8
CENTERLINE
0
POLYLINE
8
CENTERLINE
66
1
70
1
0
VERTEX
8
CENTERLINE
10
32.261209
20
56.432749
30
0.0
0
VERTEX
8
CENTERLINE
10
32.456140
20
56.627680
30
0.0
0
VERTEX
8
CENTERLINE
10
32.651072
20
56.432749
30
0.0
0
VERTEX
8
CENTERLINE
10
32.456140
20
56.237817
30
0.0
0
SEQEND
8
CENTERLINE
0
POLYLINE
8
CENTERLINE
66
1
70
1
0
VERTEX
8
CENTERLINE
10
29.142300
20
69.590643
30
0.0
0
VERTEX
8
CENTERLINE
10
29.434698
20
69.590643
30
0.0
0
VERTEX
8
CENTERLINE
10
29.532164
20
69.493177
30
0.0
0
VERTEX
8
CENTERLINE
10
29.629630
20
69.493177
30
0.0
0
VERTEX
8
CENTERLINE
10
29.727096
20
69.590643
30
0.0
0
VERTEX
8
CENTERLINE
10
30.994152
20
69.590643
30
0.0
0
VERTEX
8
CENTERLINE
10
31.091618
20
69.493177
30
0.0
0
VERTEX
8
CENTERLINE
10
31.189084
20
69.493177
30
0.0
0
VERTEX
8
CENTERLINE
10
31.481481
20
69.200780
30
0.0
0
VERTEX
8
CENTERLINE
10
31.578947
20
69.200780
30
0.0
0
VERTEX
8
CENTERLINE
10
31.871345
20
68.908382
30
0.0
0
VERTEX
8
CENTERLINE
10
31.871345
20
68.810916
30
0.0
0
VERTEX
8
CENTERLINE
10
31.968811
20
68.713450
30
0.0
0
VERTEX
8
CENTERLINE
10
31.968811
20
68.031189
30
0.0
0
VERTEX
8
CENTERLINE
10
32.066277
20
67.933723
30
0.0
0
VERTEX
8
CENTERLINE
10
32.066277
20
67.836257
30
0.0
0
VERTEX
8
CENTERLINE
10
31.968811
20
67.738791
30
0.0
0
VERTEX
8
CENTERLINE
10
31.968811
20
65.594542
30
0.0
0
VERTEX
8
CENTERLINE
10
32.066277
20
65.497076
30
0.0
0
VERTEX
8
CENTERLINE
10
32.066277
20
65.302144
30
0.0
0
VERTEX
8
CENTERLINE
10
31.968811
20
65.204678
30
0.0
0
VERTEX
8
CENTERLINE
10
31.968811
20
65.009747
30
0.0
0
VERTEX
8
CENTERLINE
10
31.871345
20
64.912281
30
0.0
0
VERTEX
8
CENTERLINE
10
31.871345
20
64.717349
30
0.0
0
VERTEX
8
CENTERLINE
10
31.676413
20
64.522417
30
0.0
0
VERTEX
8
CENTERLINE
10
31.578947
20
64.522417
30
0.0
0
VERTEX
8
CENTERLINE
10
31.578947
20
64.424951
30
0.0
0
VERTEX
8
CENTERLINE
10
31.384016
20
64.230019
30
0.0
0
VERTEX
8
CENTERLINE
10
31.286550
20
64.230019
30
0.0
0
VERTEX
8
CENTERLINE
10
31.189084
20
64.132554
30
0.0
0
VERTEX
8
CENTERLINE
10
31.286550
20
64.035088
30
0.0
0
VERTEX
8
CENTERLINE
10
30.994152
20
63.742690
30
0.0
0
VERTEX
8
CENTERLINE
10
30.799220
20
63.937622
30
0.0
0
VERTEX
8
CENTERLINE
10
29.142300
20
63.937622
30
0.0
0
VERTEX
8
CENTERLINE
10
28.849903
20
64.230019
30
0.0
0
VERTEX
8
CENTERLINE
10
28.849903
20
69.298246
30
0.0
0
SEQEND
8
CENTERLINE
0
POLYLINE
8
CENTERLINE
66
1
70
1
0
VERTEX
8
CENTERLINE
10
22.222222
20
71.539961
30
0.0
0
VERTEX
8
CENTERLINE
10
20.955166
20
71.734893
30
0.0
0
VERTEX
8
CENTERLINE
10
20.760234
20
71.637427
30
0.0
0
VERTEX
8
CENTERLINE
10
17.153996
20
71.734893
30
0.0
0
VERTEX
8
CENTERLINE
10
16.959064
20
71.442495
30
0.0
0
VERTEX
8
CENTERLINE
10
16.959064
20
55.945419
30
0.0
0
VERTEX
8
CENTERLINE
10
17.153996
20
55.653021
30
0.0
0
VERTEX
8
CENTERLINE
10
18.713450
20
55.653021
30
0.0
0
VERTEX
8
CENTERLINE
10
18.908382
20
55.847953
30
0.0
0
VERTEX
8
CENTERLINE
10
19.200780
20
55.750487
30
0.0
0
VERTEX
8
CENTERLINE
10
19.200780
20
61.598441
30
0.0
0
VERTEX
8
CENTERLINE
10
19.395712
20
61.793372
30
0.0
0
VERTEX
8
CENTERLINE
10
20.955166
20
61.793372
30
0.0
0
VERTEX
8
CENTERLINE
10
21.539961
20
62.085770
30
0.0
0
VERTEX
8
CENTERLINE
10
21.929825
20
61.988304
30
0.0
0
VERTEX
8
CENTERLINE
10
22.514620
20
62.280702
30
0.0
0
VERTEX
8
CENTERLINE
10
23.489279
20
63.060429
30
0.0
0
VERTEX
8
CENTERLINE
10
24.171540
20
64.132554
30
0.0
0
VERTEX
8
CENTERLINE
10
24.074074
20
64.230019
30
0.0
0
VERTEX
8
CENTERLINE
10
24.269006
20
64.522417
30
0.0
0
VERTEX
8
CENTERLINE
10
24.463938
20
65.399610
30
0.0
0
VERTEX
8
CENTERLINE
10
24.463938
20
65.984405
30
0.0
0
VERTEX
8
CENTERLINE
10
24.269006
20
66.179337
30
0.0
0
VERTEX
8
CENTERLINE
10
24.269006
20
67.446394
30
0.0
0
VERTEX
8
CENTERLINE
10
24.463938
20
67.641326
30
0.0
0
VERTEX
8
CENTERLINE
10
24.366472
20
68.810916
30
0.0
0
VERTEX
8
CENTERLINE
10
23.879142
20
69.785575
30
0.0
0
VERTEX
8
CENTERLINE
10
23.976608
20
69.883041
30
0.0
0
VERTEX
8
CENTERLINE
10
23.684211
20
70.175439
30
0.0
0
VERTEX
8
CENTERLINE
10
23.489279
20
70.662768
30
0.0
0
SEQEND
8
CENTERLINE
0
POLYLINE
8
CENTERLINE
66
1
70
1
0
VERTEX
8
CENTERLINE
10
22.027290
20
62.573099
30
0.0
0
VERTEX
8
CENTERLINE
10
22.222222
20
62.768031
30
0.0
0
VERTEX
8
CENTERLINE
10
22.417154
20
62.573099
30
0.0
0
VERTEX
8
CENTERLINE
10
22.222222
20
62.378168
30
0.0
0
SEQEND
8
CENTERLINE
0
POLYLINE
8
CENTERLINE
66
1
70
1
0
VERTEX
8
CENTERLINE
10
19.395712
20
69.590643
30
0.0
0
VERTEX
8
CENTERLINE
10
20.467836
20
69.590643
30
0.0
0
VERTEX
8
CENTERLINE
10
20.565302
20
69.493177
30
0.0
0
VERTEX
8
CENTERLINE
10
20.662768
20
69.493177
30
0.0
0
VERTEX
8
CENTERLINE
10
20.760234
20
69.590643
30
0.0
0
VERTEX
8
CENTERLINE
10
21.052632
20
69.590643
30
0.0
0
VERTEX
8
CENTERLINE
10
21.150097
20
69.493177
30
0.0
0
VERTEX
8
CENTERLINE
10
21.345029
20
69.493177
30
0.0
0
VERTEX
8
CENTERLINE
10
21.442495
20
69.395712
30
0.0
0
VERTEX
8
CENTERLINE
10
21.539961
20
69.493177
30
0.0
0
VERTEX
8
CENTERLINE
10
21.832359
20
69.200780
30
0.0
0
VERTEX
8
CENTERLINE
10
21.832359
20
69.103314
30
0.0
0
VERTEX
8
CENTERLINE
10
21.929825
20
69.103314
30
0.0
0
VERTEX
8
CENTERLINE
10
22.222222
20
68.810916
30
0.0
0
VERTEX
8
CENTERLINE
10
22.319688
20
68.518519
30
0.0
0
VERTEX
8
CENTERLINE
10
22.612086
20
68.226121
30
0.0
0
VERTEX
8
CENTERLINE
10
22.417154
20
68.031189
30
0.0
0
VERTEX
8
CENTERLINE
10
22.319688
20
68.128655
30
0.0
0
VERTEX
8
CENTERLINE
10
22.222222
20
68.031189
30
0.0
0
VERTEX
8
CENTERLINE
10
22.222222
20
67.836257
30
0.0
0
VERTEX
8
CENTERLINE
10
22.319688
20
67.738791
30
0.0
0
VERTEX
8
CENTERLINE
10
22.222222
20
67.641326
30
0.0
0
VERTEX
8
CENTERLINE
10
22.222222
20
66.179337
30
0.0
0
VERTEX
8
CENTERLINE
10
22.319688
20
66.081871
30
0.0
0
VERTEX
8
CENTERLINE
10
22.319688
20
65.789474
30
0.0
0
VERTEX
8
CENTERLINE
10
22.222222
20
65.692008
30
0.0
0
VERTEX
8
CENTERLINE
10
22.222222
20
65.594542
30
0.0
0
VERTEX
8
CENTERLINE
10
22.319688
20
65.497076
30
0.0
0
VERTEX
8
CENTERLINE
10
22.319688
20
65.107212
30
0.0
0
VERTEX
8
CENTERLINE
10
22.222222
20
65.009747
30
0.0
0
VERTEX
8
CENTERLINE
10
22.124756
20
64.717349
30
0.0
0
VERTEX
8
CENTERLINE
10
21.832359
20
64.424951
30
0.0
0
VERTEX
8
CENTERLINE
10
21.832359
20
64.327485
30
0.0
0
VERTEX
8
CENTERLINE
10
21.637427
20
64.132554
30
0.0
0
VERTEX
8
CENTERLINE
10
21.442495
20
64.132554
30
0.0
0
VERTEX
8
CENTERLINE
10
21.345029
20
64.035088
30
0.0
0
VERTEX
8
CENTERLINE
10
20.857700
20
64.035088
30
0.0
0
VERTEX
8
CENTERLINE
10
20.760234
20
63.937622
30
0.0
0
VERTEX
8
CENTERLINE
10
20.565302
20
63.937622
30
0.0
0
VERTEX
8
CENTERLINE
10
20.467836
20
64.035088
30
0.0
0
VERTEX
8
CENTERLINE
10
20.370370
20
64.035088
30
0.0
0
VERTEX
8
CENTERLINE
10
20.272904
20
63.937622
30
0.0
0
VERTEX
8
CENTERLINE
10
19.395712
20
63.937622
30
0.0
0
VERTEX
8
CENTERLINE
10
19.200780
20
64.132554
30
0.0
0
VERTEX
8
CENTERLINE
10
19.200780
20
64.230019
30
0.0
0
VERTEX
8
CENTERLINE
10
19.103314
20
64.327485
30
0.0
0
VERTEX
8
CENTERLINE
10
19.200780
20
64.424951
30
0.0
0
VERTEX
8
CENTERLINE
10
19.200780
20
69.200780
30
0.0
0
VERTEX
8
CENTERLINE
10
19.103314
20
69.298246
30
0.0
0
SEQEND
8
CENTERLINE
0
POLYLINE
8
CENTERLINE
66
1
70
1
0
VERTEX
8
CENTERLINE
10
68.518519
20
71.929825
30
0.0
0
VERTEX
8
CENTERLINE
10
67.056530
20
71.539961
30
0.0
0
VERTEX
8
CENTERLINE
10
66.081871
20
70.565302
30
0.0
0
VERTEX
8
CENTERLINE
10
65.399610
20
68.810916
30
0.0
0
VERTEX
8
CENTERLINE
10
65.399610
20
67.251462
30
0.0
0
VERTEX
8
CENTERLINE
10
65.594542
20
66.666667
30
0.0
0
VERTEX
8
CENTERLINE
10
66.179337
20
66.374269
30
0.0
0
VERTEX
8
CENTERLINE
10
65.789474
20
66.179337
30
0.0
0
VERTEX
8
CENTERLINE
10
66.276803
20
65.204678
30
0.0
0
VERTEX
8
CENTERLINE
10
68.031189
20
63.255361
30
0.0
0
VERTEX
8
CENTERLINE
10
69.785575
20
61.890838
30
0.0
0
VERTEX
8
CENTERLINE
10
69.688109
20
61.695906
30
0.0
0
VERTEX
8
CENTERLINE
10
70.565302
20
60.721248
30
0.0
0
VERTEX
8
CENTERLINE
10
70.857700
20
59.844055
30
0.0
0
VERTEX
8
CENTERLINE
10
70.857700
20
58.771930
30
0.0
0
VERTEX
8
CENTERLINE
10
70.565302
20
58.089669
30
0.0
0
VERTEX
8
CENTERLINE
10
69.980507
20
57.602339
30
0.0
0
VERTEX
8
CENTERLINE
10
68.810916
20
57.407407
30
0.0
0
VERTEX
8
CENTERLINE
10
67.836257
20
58.089669
30
0.0
0
VERTEX
8
CENTERLINE
10
67.348928
20
58.869396
30
0.0
0
VERTEX
8
CENTERLINE
10
67.446394
20
59.161793
30
0.0
0
VERTEX
8
CENTERLINE
10
67.153996
20
59.941520
30
0.0
0
VERTEX
8
CENTERLINE
10
65.204678
20
59.844055
30
0.0
0
VERTEX
8
CENTERLINE
10
65.204678
20
59.161793
30
0.0
0
VERTEX
8
CENTERLINE
10
65.594542
20
57.797271
30
0.0
0
VERTEX
8
CENTERLINE
10
66.179337
20
57.212476
30
0.0
0
VERTEX
8
CENTERLINE
10
66.471735
20
56.530214
30
0.0
0
VERTEX
8
CENTERLINE
10
67.251462
20
55.847953
30
0.0
0
VERTEX
8
CENTERLINE
10
68.226121
20
55.847953
30
0.0
0
VERTEX
8
CENTERLINE
10
68.615984
20
55.555556
30
0.0
0
VERTEX
8
CENTERLINE
10
69.395712
20
55.458090
30
0.0
0
VERTEX
8
CENTERLINE
10
70.565302
20
55.945419
30
0.0
0
VERTEX
8
CENTERLINE
10
71.442495
20
56.042885
30
0.0
0
VERTEX
8
CENTERLINE
10
71.442495
20
56.335283
30
0.0
0
VERTEX
8
CENTERLINE
10
72.027290
20
56.627680
30
0.0
0
VERTEX
8
CENTERLINE
10
72.124756
20
57.017544
30
0.0
0
VERTEX
8
CENTERLINE
10
72.612086
20
57.407407
30
0.0
0
VERTEX
8
CENTERLINE
10
73.001949
20
59.356725
30
0.0
0
VERTEX
8
CENTERLINE
10
72.709552
20
59.941520
30
0.0
0
VERTEX
8
CENTERLINE
10
72.904483
20
60.526316
30
0.0
0
VERTEX
8
CENTERLINE
10
72.417154
20
61.598441
30
0.0
0
VERTEX
8
CENTERLINE
10
71.929825
20
61.890838
30
0.0
0
VERTEX
8
CENTERLINE
10
72.027290
20
62.280702
30
0.0
0
VERTEX
8
CENTERLINE
10
71.052632
20
63.255361
30
0.0
0
VERTEX
8
CENTERLINE
10
70.857700
20
63.742690
30
0.0
0
VERTEX
8
CENTERLINE
10
69.493177
20
64.814815
30
0.0
0
VERTEX
8
CENTERLINE
10
69.298246
20
64.522417
30
0.0
0
VERTEX
8
CENTERLINE
10
69.005848
20
64.717349
30
0.0
0
VERTEX
8
CENTERLINE
10
69.200780
20
65.107212
30
0.0
0
VERTEX
8
CENTERLINE
10
68.421053
20
65.789474
30
0.0
0
VERTEX
8
CENTERLINE
10
67.641326
20
67.348928
30
0.0
0
VERTEX
8
CENTERLINE
10
67.641326
20
69.005848
30
0.0
0
VERTEX
8
CENTERLINE
10
68.421053
20
69.883041
30
0.0
0
VERTEX
8
CENTERLINE
10
69.590643
20
69.980507
30
0.0
0
VERTEX
8
CENTERLINE
10
70.565302
20
69.883041
30
0.0
0
VERTEX
8
CENTERLINE
10
70.760234
20
69.688109
30
0.0
0
VERTEX
8
CENTERLINE
10
70.370370
20
69.395712
30
0.0
0
VERTEX
8
CENTERLINE
10
70.857700
20
68.128655
30
0.0
0
VERTEX
8
CENTERLINE
10
72.904483
20
68.518519
30
0.0
0
VERTEX
8
CENTERLINE
10
72.514620
20
69.883041
30
0.0
0
VERTEX
8
CENTERLINE
10
72.027290
20
70.175439
30
0.0
0
VERTEX
8
CENTERLINE
10
72.027290
20
70.565302
30
0.0
0
VERTEX
8
CENTERLINE
10
71.442495
20
71.247563
30
0.0
0
VERTEX
8
CENTERLINE
10
69.883041
20
71.929825
30
0.0
0
SEQEND
8
CENTERLINE
0
POLYLINE
8
CENTERLINE
66
1
70
1
0
VERTEX
8
CENTERLINE
10
67.348928
20
64.230019
30
0.0
0
VERTEX
8
CENTERLINE
10
67.543860
20
64.424951
30
0.0
0
VERTEX
8
CENTERLINE
10
67.738791
20
64.230019
30
0.0
0
VERTEX
8
CENTERLINE
10
67.543860
20
64.035088
30
0.0
0
SEQEND
8
CENTERLINE
0
POLYLINE
8
CENTERLINE
66
1
70
1
0
VERTEX
8
CENTERLINE
10
67.251462
20
68.810916
30
0.0
0
VERTEX
8
CENTERLINE
10
67.446394
20
69.005848
30
0.0
0
VERTEX
8
CENTERLINE
10
67.641326
20
68.810916
30
0.0
0
VERTEX
8
CENTERLINE
10
67.446394
20
68.615984
30
0.0
0
SEQEND
8
CENTERLINE
0
POLYLINE
8
CENTERLINE
66
1
70
1
0
VERTEX
8
CENTERLINE
10
49.610136
20
71.929825
30
0.0
0
VERTEX
8
CENTERLINE
10
49.220273
20
71.637427
30
0.0
0
VERTEX
8
CENTERLINE
10
48.538012
20
71.539961
30
0.0
0
VERTEX
8
CENTERLINE
10
47.563353
20
70.760234
30
0.0
0
VERTEX
8
CENTERLINE
10
46.978558
20
69.980507
30
0.0
0
VERTEX
8
CENTERLINE
10
46.588694
20
68.810916
30
0.0
0
VERTEX
8
CENTERLINE
10
46.588694
20
58.576998
30
0.0
0
VERTEX
8
CENTERLINE
10
46.881092
20
57.504873
30
0.0
0
VERTEX
8
CENTERLINE
10
48.343080
20
55.945419
30
0.0
0
VERTEX
8
CENTERLINE
10
50.779727
20
55.458090
30
0.0
0
VERTEX
8
CENTERLINE
10
51.656920
20
55.847953
30
0.0
0
VERTEX
8
CENTERLINE
10
52.241715
20
55.847953
30
0.0
0
VERTEX
8
CENTERLINE
10
53.606238
20
57.309942
30
0.0
0
VERTEX
8
CENTERLINE
10
54.191033
20
58.966862
30
0.0
0
VERTEX
8
CENTERLINE
10
54.191033
20
61.306043
30
0.0
0
VERTEX
8
CENTERLINE
10
51.851852
20
61.403509
30
0.0
0
VERTEX
8
CENTERLINE
10
51.851852
20
58.674464
30
0.0
0
VERTEX
8
CENTERLINE
10
51.267057
20
57.797271
30
0.0
0
VERTEX
8
CENTERLINE
10
49.805068
20
57.699805
30
0.0
0
VERTEX
8
CENTERLINE
10
49.512671
20
57.504873
30
0.0
0
VERTEX
8
CENTERLINE
10
49.220273
20
57.699805
30
0.0
0
VERTEX
8
CENTERLINE
10
49.415205
20
57.894737
30
0.0
0
VERTEX
8
CENTERLINE
10
48.538012
20
58.869396
30
0.0
0
VERTEX
8
CENTERLINE
10
48.732943
20
59.064327
30
0.0
0
VERTEX
8
CENTERLINE
10
48.732943
20
68.810916
30
0.0
0
VERTEX
8
CENTERLINE
10
49.415205
20
69.493177
30
0.0
0
VERTEX
8
CENTERLINE
10
49.317739
20
69.688109
30
0.0
0
VERTEX
8
CENTERLINE
10
49.512671
20
69.883041
30
0.0
0
VERTEX
8
CENTERLINE
10
49.805068
20
69.688109
30
0.0
0
VERTEX
8
CENTERLINE
10
50.097466
20
69.883041
30
0.0
0
VERTEX
8
CENTERLINE
10
50.974659
20
69.688109
30
0.0
0
VERTEX
8
CENTERLINE
10
51.851852
20
68.713450
30
0.0
0
VERTEX
8
CENTERLINE
10
51.851852
20
66.374269
30
0.0
0
VERTEX
8
CENTERLINE
10
54.093567
20
66.374269
30
0.0
0
VERTEX
8
CENTERLINE
10
54.191033
20
68.421053
30
0.0
0
VERTEX
8
CENTERLINE
10
53.801170
20
69.688109
30
0.0
0
VERTEX
8
CENTERLINE
10
53.216374
20
70.175439
30
0.0
0
VERTEX
8
CENTERLINE
10
53.411306
20
70.370370
30
0.0
0
VERTEX
8
CENTERLINE
10
52.241715
20
71.539961
30
0.0
0
VERTEX
8
CENTERLINE
10
50.682261
20
71.929825
30
0.0
0
SEQEND
8
CENTERLINE
0
POLYLINE
8
CENTERLINE
66
1
70
1
0
VERTEX
8
CENTERLINE
10
78.557505
20
72.027290
30
0.0
0
VERTEX
8
CENTERLINE
10
76.900585
20
71.442495
30
0.0
0
VERTEX
8
CENTERLINE
10
75.925926
20
70.565302
30
0.0
0
VERTEX
8
CENTERLINE
10
75.243665
20
68.810916
30
0.0
0
VERTEX
8
CENTERLINE
10
75.341131
20
68.226121
30
0.0
0
VERTEX
8
CENTERLINE
10
75.633528
20
68.128655
30
0.0
0
VERTEX
8
CENTERLINE
10
75.341131
20
67.933723
30
0.0
0
VERTEX
8
CENTERLINE
10
75.341131
20
67.153996
30
0.0
0
VERTEX
8
CENTERLINE
10
75.730994
20
65.789474
30
0.0
0
VERTEX
8
CENTERLINE
10
76.120858
20
65.497076
30
0.0
0
VERTEX
8
CENTERLINE
10
76.218324
20
65.107212
30
0.0
0
VERTEX
8
CENTERLINE
10
80.311891
20
60.916179
30
0.0
0
VERTEX
8
CENTERLINE
10
80.896686
20
59.259259
30
0.0
0
VERTEX
8
CENTERLINE
10
80.604288
20
58.869396
30
0.0
0
VERTEX
8
CENTERLINE
10
81.091618
20
58.674464
30
0.0
0
VERTEX
8
CENTERLINE
10
80.506823
20
58.479532
30
0.0
0
VERTEX
8
CENTERLINE
10
79.727096
20
57.602339
30
0.0
0
VERTEX
8
CENTERLINE
10
78.265107
20
57.504873
30
0.0
0
VERTEX
8
CENTERLINE
10
77.290448
20
58.674464
30
0.0
0
VERTEX
8
CENTERLINE
10
77.290448
20
59.161793
30
0.0
0
VERTEX
8
CENTERLINE
10
76.900585
20
59.844055
30
0.0
0
VERTEX
8
CENTERLINE
10
75.146199
20
59.941520
30
0.0
0
VERTEX
8
CENTERLINE
10
75.048733
20
59.161793
30
0.0
0
VERTEX
8
CENTERLINE
10
75.243665
20
58.966862
30
0.0
0
VERTEX
8
CENTERLINE
10
75.146199
20
58.674464
30
0.0
0
VERTEX
8
CENTERLINE
10
75.438596
20
58.771930
30
0.0
0
VERTEX
8
CENTERLINE
10
75.633528
20
58.576998
30
0.0
0
VERTEX
8
CENTERLINE
10
75.243665
20
58.187135
30
0.0
0
VERTEX
8
CENTERLINE
10
75.633528
20
57.894737
30
0.0
0
VERTEX
8
CENTERLINE
10
75.828460
20
57.115010
30
0.0
0
VERTEX
8
CENTERLINE
10
76.900585
20
56.042885
30
0.0
0
VERTEX
8
CENTERLINE
10
78.362573
20
55.458090
30
0.0
0
VERTEX
8
CENTERLINE
10
79.434698
20
55.458090
30
0.0
0
VERTEX
8
CENTERLINE
10
80.994152
20
55.847953
30
0.0
0
VERTEX
8
CENTERLINE
10
81.773879
20
56.530214
30
0.0
0
VERTEX
8
CENTERLINE
10
82.456140
20
57.504873
30
0.0
0
VERTEX
8
CENTERLINE
10
82.846004
20
58.674464
30
0.0
0
VERTEX
8
CENTERLINE
10
82.846004
20
60.136452
30
0.0
0
VERTEX
8
CENTERLINE
10
82.358674
20
61.500975
30
0.0
0
VERTEX
8
CENTERLINE
10
81.286550
20
63.060429
30
0.0
0
VERTEX
8
CENTERLINE
10
80.896686
20
62.962963
30
0.0
0
VERTEX
8
CENTERLINE
10
80.701754
20
63.645224
30
0.0
0
VERTEX
8
CENTERLINE
10
78.752437
20
65.399610
30
0.0
0
VERTEX
8
CENTERLINE
10
78.265107
20
65.204678
30
0.0
0
VERTEX
8
CENTERLINE
10
78.070175
20
65.399610
30
0.0
0
VERTEX
8
CENTERLINE
10
78.265107
20
65.984405
30
0.0
0
VERTEX
8
CENTERLINE
10
77.582846
20
66.959064
30
0.0
0
VERTEX
8
CENTERLINE
10
77.485380
20
67.543860
30
0.0
0
VERTEX
8
CENTERLINE
10
77.582846
20
69.103314
30
0.0
0
VERTEX
8
CENTERLINE
10
78.557505
20
69.980507
30
0.0
0
VERTEX
8
CENTERLINE
10
79.434698
20
69.980507
30
0.0
0
VERTEX
8
CENTERLINE
10
80.506823
20
69.103314
30
0.0
0
VERTEX
8
CENTERLINE
10
80.701754
20
68.128655
30
0.0
0
VERTEX
8
CENTERLINE
10
82.358674
20
68.323587
30
0.0
0
VERTEX
8
CENTERLINE
10
82.748538
20
68.713450
30
0.0
0
VERTEX
8
CENTERLINE
10
82.358674
20
69.298246
30
0.0
0
VERTEX
8
CENTERLINE
10
82.456140
20
69.590643
30
0.0
0
VERTEX
8
CENTERLINE
10
82.163743
20
70.272904
30
0.0
0
VERTEX
8
CENTERLINE
10
81.091618
20
71.442495
30
0.0
0
VERTEX
8
CENTERLINE
10
79.824561
20
71.929825
30
0.0
0
VERTEX
8
CENTERLINE
10
78.849903
20
71.832359
30
0.0
0
SEQEND
8
CENTERLINE
0
POLYLINE
8
CENTERLINE
66
1
70
1
0
VERTEX
8
CENTERLINE
10
75.828460
20
65.789474
30
0.0
0
VERTEX
8
CENTERLINE
10
76.023392
20
65.984405
30
0.0
0
VERTEX
8
CENTERLINE
10
76.218324
20
65.789474
30
0.0
0
VERTEX
8
CENTERLINE
10
76.023392
20
65.594542
30
0.0
0
SEQEND
8
CENTERLINE
0
POLYLINE
8
CENTERLINE
66
1
70
1
0
VERTEX
8
CENTERLINE
10
40.643275
20
72.027290
30
0.0
0
VERTEX
8
CENTERLINE
10
40.448343
20
71.832359
30
0.0
0
VERTEX
8
CENTERLINE
10
39.571150
20
71.832359
30
0.0
0
VERTEX
8
CENTERLINE
10
38.986355
20
71.539961
30
0.0
0
VERTEX
8
CENTERLINE
10
38.888889
20
71.637427
30
0.0
0
VERTEX
8
CENTERLINE
10
38.596491
20
71.247563
30
0.0
0
VERTEX
8
CENTERLINE
10
38.401559
20
71.345029
30
0.0
0
VERTEX
8
CENTERLINE
10
38.011696
20
71.150097
30
0.0
0
VERTEX
8
CENTERLINE
10
37.231969
20
70.272904
30
0.0
0
VERTEX
8
CENTERLINE
10
37.231969
20
69.980507
30
0.0
0
VERTEX
8
CENTERLINE
10
37.037037
20
69.688109
30
0.0
0
VERTEX
8
CENTERLINE
10
37.134503
20
69.395712
30
0.0
0
VERTEX
8
CENTERLINE
10
36.939571
20
69.200780
30
0.0
0
VERTEX
8
CENTERLINE
10
36.842105
20
69.298246
30
0.0
0
VERTEX
8
CENTERLINE
10
36.647173
20
69.005848
30
0.0
0
VERTEX
8
CENTERLINE
10
36.744639
20
68.615984
30
0.0
0
VERTEX
8
CENTERLINE
10
36.647173
20
68.421053
30
0.0
0
VERTEX
8
CENTERLINE
10
36.647173
20
58.674464
30
0.0
0
VERTEX
8
CENTERLINE
10
36.744639
20
58.187135
30
0.0
0
VERTEX
8
CENTERLINE
10
37.134503
20
57.602339
30
0.0
0
VERTEX
8
CENTERLINE
10
37.134503
20
57.309942
30
0.0
0
VERTEX
8
CENTERLINE
10
37.426901
20
57.115010
30
0.0
0
VERTEX
8
CENTERLINE
10
37.621832
20
56.627680
30
0.0
0
VERTEX
8
CENTERLINE
10
38.791423
20
55.847953
30
0.0
0
VERTEX
8
CENTERLINE
10
38.888889
20
55.945419
30
0.0
0
VERTEX
8
CENTERLINE
10
39.278752
20
55.653021
30
0.0
0
VERTEX
8
CENTERLINE
10
39.668616
20
55.653021
30
0.0
0
VERTEX
8
CENTERLINE
10
39.961014
20
55.458090
30
0.0
0
VERTEX
8
CENTERLINE
10
40.643275
20
55.653021
30
0.0
0
VERTEX
8
CENTERLINE
10
41.033138
20
55.458090
30
0.0
0
VERTEX
8
CENTERLINE
10
41.910331
20
55.945419
30
0.0
0
VERTEX
8
CENTERLINE
10
42.105263
20
55.847953
30
0.0
0
VERTEX
8
CENTERLINE
10
42.884990
20
56.627680
30
0.0
0
VERTEX
8
CENTERLINE
10
43.177388
20
56.725146
30
0.0
0
VERTEX
8
CENTERLINE
10
43.177388
20
56.920078
30
0.0
0
VERTEX
8
CENTERLINE
10
43.469786
20
57.115010
30
0.0
0
VERTEX
8
CENTERLINE
10
43.469786
20
57.309942
30
0.0
0
VERTEX
8
CENTERLINE
10
43.957115
20
57.894737
30
0.0
0
VERTEX
8
CENTERLINE
10
44.054581
20
58.382066
30
0.0
0
VERTEX
8
CENTERLINE
10
43.859649
20
58.869396
30
0.0
0
VERTEX
8
CENTERLINE
10
43.957115
20
58.966862
30
0.0
0
VERTEX
8
CENTERLINE
10
43.957115
20
68.323587
30
0.0
0
VERTEX
8
CENTERLINE
10
44.152047
20
68.810916
30
0.0
0
VERTEX
8
CENTERLINE
10
43.762183
20
69.590643
30
0.0
0
VERTEX
8
CENTERLINE
10
43.762183
20
69.980507
30
0.0
0
VERTEX
8
CENTERLINE
10
43.274854
20
70.662768
30
0.0
0
VERTEX
8
CENTERLINE
10
42.690058
20
71.052632
30
0.0
0
VERTEX
8
CENTERLINE
10
42.690058
20
71.247563
30
0.0
0
VERTEX
8
CENTERLINE
10
42.397661
20
71.247563
30
0.0
0
VERTEX
8
CENTERLINE
10
42.202729
20
71.539961
30
0.0
0
VERTEX
8
CENTERLINE
10
41.812865
20
71.539961
30
0.0
0
VERTEX
8
CENTERLINE
10
41.423002
20
71.832359
30
0.0
0
SEQEND
8
CENTERLINE
0
POLYLINE
8
CENTERLINE
66
1
70
1
0
VERTEX
8
CENTERLINE
10
39.863548
20
69.785575
30
0.0
0
VERTEX
8
CENTERLINE
10
40.448343
20
69.785575
30
0.0
0
VERTEX
8
CENTERLINE
10
40.545809
20
69.688109
30
0.0
0
VERTEX
8
CENTERLINE
10
40.643275
20
69.785575
30
0.0
0
VERTEX
8
CENTERLINE
10
40.740741
20
69.688109
30
0.0
0
VERTEX
8
CENTERLINE
10
41.228070
20
69.590643
30
0.0
0
VERTEX
8
CENTERLINE
10
41.715400
20
69.103314
30
0.0
0
VERTEX
8
CENTERLINE
10
41.812865
20
68.713450
30
0.0
0
VERTEX
8
CENTERLINE
10
42.007797
20
68.421053
30
0.0
0
VERTEX
8
CENTERLINE
10
42.007797
20
59.356725
30
0.0
0
VERTEX
8
CENTERLINE
10
41.812865
20
58.966862
30
0.0
0
VERTEX
8
CENTERLINE
10
41.910331
20
58.869396
30
0.0
0
VERTEX
8
CENTERLINE
10
41.325536
20
57.992203
30
0.0
0
VERTEX
8
CENTERLINE
10
41.130604
20
57.797271
30
0.0
0
VERTEX
8
CENTERLINE
10
40.740741
20
57.797271
30
0.0
0
VERTEX
8
CENTERLINE
10
40.545809
20
57.602339
30
0.0
0
VERTEX
8
CENTERLINE
10
40.253411
20
57.797271
30
0.0
0
VERTEX
8
CENTERLINE
10
39.863548
20
57.699805
30
0.0
0
VERTEX
8
CENTERLINE
10
39.571150
20
57.992203
30
0.0
0
VERTEX
8
CENTERLINE
10
39.376218
20
57.992203
30
0.0
0
VERTEX
8
CENTERLINE
10
38.791423
20
58.771930
30
0.0
0
VERTEX
8
CENTERLINE
10
38.791423
20
58.966862
30
0.0
0
VERTEX
8
CENTERLINE
10
38.693957
20
59.064327
30
0.0
0
VERTEX
8
CENTERLINE
10
38.791423
20
59.746589
30
0.0
0
VERTEX
8
CENTERLINE
10
38.596491
20
59.941520
30
0.0
0
VERTEX
8
CENTERLINE
10
38.596491
20
67.543860
30
0.0
0
VERTEX
8
CENTERLINE
10
38.791423
20
67.933723
30
0.0
0
VERTEX
8
CENTERLINE
10
38.596491
20
68.226121
30
0.0
0
VERTEX
8
CENTERLINE
10
38.791423
20
68.421053
30
0.0
0
VERTEX
8
CENTERLINE
10
38.693957
20
68.518519
30
0.0
0
VERTEX
8
CENTERLINE
10
38.791423
20
68.908382
30
0.0
0
VERTEX
8
CENTERLINE
10
39.083821
20
69.103314
30
0.0
0
VERTEX
8
CENTERLINE
10
39.083821
20
69.200780
30
0.0
0
VERTEX
8
CENTERLINE
10
39.571150
20
69.688109
30
0.0
0
VERTEX
8
CENTERLINE
10
39.766082
20
69.688109
30
0.0
0
SEQEND
8
CENTERLINE
0
POLYLINE
8
CENTERLINE
66
1
70
1
0
VERTEX
8
CENTERLINE
10
41.715400
20
69.688109
30
0.0
0
VERTEX
8
CENTERLINE
10
41.910331
20
69.883041
30
0.0
0
VERTEX
8
CENTERLINE
10
42.105263
20
69.688109
30
0.0
0
VERTEX
8
CENTERLINE
10
41.910331
20
69.493177
30
0.0
0
SEQEND
8
CENTERLINE
0
POLYLINE
8
CENTERLINE
66
1
70
1
0
VERTEX
8
CENTERLINE
10
42.982456
20
70.272904
30
0.0
0
VERTEX
8
CENTERLINE
10
43.177388
20
70.467836
30
0.0
0
VERTEX
8
CENTERLINE
10
43.274854
20
70.467836
30
0.0
0
VERTEX
8
CENTERLINE
10
43.469786
20
70.272904
30
0.0
0
VERTEX
8
CENTERLINE
10
43.274854
20
70.077973
30
0.0
0
VERTEX
8
CENTERLINE
10
43.177388
20
70.077973
30
0.0
0
SEQEND
8
CENTERLINE
0
POLYLINE
8
CENTERLINE
66
1
70
1
0
VERTEX
8
CENTERLINE
10
78.167641
20
93.859649
30
0.0
0
VERTEX
8
CENTERLINE
10
78.070175
20
77.777778
30
0.0
0
VERTEX
8
CENTERLINE
10
84.795322
20
77.680312
30
0.0
0
VERTEX
8
CENTERLINE
10
84.697856
20
79.922027
30
0.0
0
VERTEX
8
CENTERLINE
10
80.604288
20
79.824561
30
0.0
0
VERTEX
8
CENTERLINE
10
80.409357
20
80.019493
30
0.0
0
VERTEX
8
CENTERLINE
10
80.311891
20
84.307992
30
0.0
0
VERTEX
8
CENTERLINE
10
80.604288
20
84.697856
30
0.0
0
VERTEX
8
CENTERLINE
10
83.528265
20
84.697856
30
0.0
0
VERTEX
8
CENTERLINE
10
83.625731
20
86.647173
30
0.0
0
VERTEX
8
CENTERLINE
10
83.430799
20
86.842105
30
0.0
0
VERTEX
8
CENTERLINE
10
81.189084
20
86.842105
30
0.0
0
VERTEX
8
CENTERLINE
10
80.896686
20
86.647173
30
0.0
0
VERTEX
8
CENTERLINE
10
80.409357
20
86.939571
30
0.0
0
VERTEX
8
CENTERLINE
10
80.311891
20
91.130604
30
0.0
0
VERTEX
8
CENTERLINE
10
80.701754
20
91.617934
30
0.0
0
VERTEX
8
CENTERLINE
10
84.795322
20
91.617934
30
0.0
0
VERTEX
8
CENTERLINE
10
84.892788
20
93.762183
30
0.0
0
SEQEND
8
CENTERLINE
0
POLYLINE
8
CENTERLINE
66
1
70
1
0
VERTEX
8
CENTERLINE
10
66.861598
20
93.762183
30
0.0
0
VERTEX
8
CENTERLINE
10
67.933723
20
87.231969
30
0.0
0
VERTEX
8
CENTERLINE
10
68.421053
20
86.452242
30
0.0
0
VERTEX
8
CENTERLINE
10
68.128655
20
86.062378
30
0.0
0
VERTEX
8
CENTERLINE
10
68.615984
20
85.575049
30
0.0
0
VERTEX
8
CENTERLINE
10
68.421053
20
85.282651
30
0.0
0
VERTEX
8
CENTERLINE
10
68.713450
20
82.846004
30
0.0
0
VERTEX
8
CENTERLINE
10
69.005848
20
82.553606
30
0.0
0
VERTEX
8
CENTERLINE
10
68.908382
20
81.773879
30
0.0
0
VERTEX
8
CENTERLINE
10
69.200780
20
81.481481
30
0.0
0
VERTEX
8
CENTERLINE
10
69.103314
20
80.994152
30
0.0
0
VERTEX
8
CENTERLINE
10
69.688109
20
77.777778
30
0.0
0
VERTEX
8
CENTERLINE
10
72.807018
20
77.777778
30
0.0
0
VERTEX
8
CENTERLINE
10
72.807018
20
78.654971
30
0.0
0
VERTEX
8
CENTERLINE
10
73.586745
20
81.384016
30
0.0
0
VERTEX
8
CENTERLINE
10
73.781676
20
83.723197
30
0.0
0
VERTEX
8
CENTERLINE
10
74.171540
20
84.697856
30
0.0
0
VERTEX
8
CENTERLINE
10
74.269006
20
86.744639
30
0.0
0
VERTEX
8
CENTERLINE
10
74.561404
20
87.037037
30
0.0
0
VERTEX
8
CENTERLINE
10
74.561404
20
87.914230
30
0.0
0
VERTEX
8
CENTERLINE
10
74.853801
20
88.401559
30
0.0
0
VERTEX
8
CENTERLINE
10
75.048733
20
90.935673
30
0.0
0
VERTEX
8
CENTERLINE
10
75.633528
20
92.592593
30
0.0
0
VERTEX
8
CENTERLINE
10
75.633528
20
93.762183
30
0.0
0
VERTEX
8
CENTERLINE
10
73.684211
20
93.859649
30
0.0
0
VERTEX
8
CENTERLINE
10
73.391813
20
93.469786
30
0.0
0
VERTEX
8
CENTERLINE
10
72.807018
20
89.863548
30
0.0
0
VERTEX
8
CENTERLINE
10
73.001949
20
89.473684
30
0.0
0
VERTEX
8
CENTERLINE
10
72.612086
20
88.791423
30
0.0
0
VERTEX
8
CENTERLINE
10
72.417154
20
86.549708
30
0.0
0
VERTEX
8
CENTERLINE
10
72.222222
20
86.354776
30
0.0
0
VERTEX
8
CENTERLINE
10
72.222222
20
84.502924
30
0.0
0
VERTEX
8
CENTERLINE
10
71.929825
20
84.307992
30
0.0
0
VERTEX
8
CENTERLINE
10
71.637427
20
82.846004
30
0.0
0
VERTEX
8
CENTERLINE
10
71.734893
20
81.481481
30
0.0
0
VERTEX
8
CENTERLINE
10
71.247563
20
81.091618
30
0.0
0
VERTEX
8
CENTERLINE
10
70.760234
20
82.553606
30
0.0
0
VERTEX
8
CENTERLINE
10
70.760234
20
83.918129
30
0.0
0
VERTEX
8
CENTERLINE
10
70.272904
20
85.769981
30
0.0
0
VERTEX
8
CENTERLINE
10
70.175439
20
87.621832
30
0.0
0
VERTEX
8
CENTERLINE
10
69.590643
20
89.863548
30
0.0
0
VERTEX
8
CENTERLINE
10
69.395712
20
92.495127
30
0.0
0
VERTEX
8
CENTERLINE
10
69.005848
20
92.884990
30
0.0
0
VERTEX
8
CENTERLINE
10
69.200780
20
93.079922
30
0.0
0
VERTEX
8
CENTERLINE
10
69.005848
20
93.859649
30
0.0
0
SEQEND
8
CENTERLINE
0
POLYLINE
8
CENTERLINE
66
1
70
1
0
VERTEX
8
CENTERLINE
10
70.272904
20
82.846004
30
0.0
0
VERTEX
8
CENTERLINE
10
70.467836
20
83.040936
30
0.0
0
VERTEX
8
CENTERLINE
10
70.662768
20
82.846004
30
0.0
0
VERTEX
8
CENTERLINE
10
70.467836
20
82.651072
30
0.0
0
SEQEND
8
CENTERLINE
0
POLYLINE
8
CENTERLINE
66
1
70
1
0
VERTEX
8
CENTERLINE
10
69.493177
20
87.914230
30
0.0
0
VERTEX
8
CENTERLINE
10
69.688109
20
88.109162
30
0.0
0
VERTEX
8
CENTERLINE
10
69.980507
20
87.816764
30
0.0
0
VERTEX
8
CENTERLINE
10
69.785575
20
87.621832
30
0.0
0
SEQEND
8
CENTERLINE
0
POLYLINE
8
CENTERLINE
66
1
70
1
0
VERTEX
8
CENTERLINE
10
62.475634
20
93.859649
30
0.0
0
VERTEX
8
CENTERLINE
10
62.280702
20
93.762183
30
0.0
0
VERTEX
8
CENTERLINE
10
62.378168
20
93.469786
30
0.0
0
VERTEX
8
CENTERLINE
10
62.183236
20
93.274854
30
0.0
0
VERTEX
8
CENTERLINE
10
62.183236
20
77.777778
30
0.0
0
VERTEX
8
CENTERLINE
10
62.280702
20
77.680312
30
0.0
0
VERTEX
8
CENTERLINE
10
63.937622
20
77.680312
30
0.0
0
VERTEX
8
CENTERLINE
10
64.035088
20
77.777778
30
0.0
0
VERTEX
8
CENTERLINE
10
64.522417
20
77.777778
30
0.0
0
VERTEX
8
CENTERLINE
10
64.522417
20
78.460039
30
0.0
0
VERTEX
8
CENTERLINE
10
64.424951
20
78.557505
30
0.0
0
VERTEX
8
CENTERLINE
10
64.424951
20
93.469786
30
0.0
0
VERTEX
8
CENTERLINE
10
64.522417
20
93.762183
30
0.0
0
VERTEX
8
CENTERLINE
10
64.132554
20
93.762183
30
0.0
0
VERTEX
8
CENTERLINE
10
64.035088
20
93.859649
30
0.0
0
SEQEND
8
CENTERLINE
0
POLYLINE
8
CENTERLINE
66
1
70
1
0
VERTEX
8
CENTERLINE
10
52.729045
20
93.859649
30
0.0
0
VERTEX
8
CENTERLINE
10
52.534113
20
93.664717
30
0.0
0
VERTEX
8
CENTERLINE
10
52.631579
20
91.617934
30
0.0
0
VERTEX
8
CENTERLINE
10
52.923977
20
91.520468
30
0.0
0
VERTEX
8
CENTERLINE
10
55.068226
20
91.617934
30
0.0
0
VERTEX
8
CENTERLINE
10
55.263158
20
91.423002
30
0.0
0
VERTEX
8
CENTERLINE
10
55.165692
20
77.777778
30
0.0
0
VERTEX
8
CENTERLINE
10
55.263158
20
77.680312
30
0.0
0
VERTEX
8
CENTERLINE
10
57.407407
20
77.777778
30
0.0
0
VERTEX
8
CENTERLINE
10
57.407407
20
90.935673
30
0.0
0
VERTEX
8
CENTERLINE
10
57.309942
20
91.228070
30
0.0
0
VERTEX
8
CENTERLINE
10
57.212476
20
91.130604
30
0.0
0
VERTEX
8
CENTERLINE
10
56.920078
20
91.423002
30
0.0
0
VERTEX
8
CENTERLINE
10
57.115010
20
91.617934
30
0.0
0
VERTEX
8
CENTERLINE
10
57.309942
20
91.423002
30
0.0
0
VERTEX
8
CENTERLINE
10
59.746589
20
91.520468
30
0.0
0
VERTEX
8
CENTERLINE
10
59.941520
20
91.812865
30
0.0
0
VERTEX
8
CENTERLINE
10
59.844055
20
93.762183
30
0.0
0
VERTEX
8
CENTERLINE
10
59.746589
20
93.859649
30
0.0
0
VERTEX
8
CENTERLINE
10
53.118908
20
93.859649
30
0.0
0
VERTEX
8
CENTERLINE
10
53.021442
20
93.762183
30
0.0
0
SEQEND
8
CENTERLINE
0
POLYLINE
8
CENTERLINE
66
1
70
1
0
VERTEX
8
CENTERLINE
10
46.783626
20
93.859649
30
0.0
0
VERTEX
8
CENTERLINE
10
46.198830
20
91.228070
30
0.0
0
VERTEX
8
CENTERLINE
10
46.393762
20
90.838207
30
0.0
0
VERTEX
8
CENTERLINE
10
46.101365
20
90.545809
30
0.0
0
VERTEX
8
CENTERLINE
10
46.003899
20
89.473684
30
0.0
0
VERTEX
8
CENTERLINE
10
45.808967
20
89.181287
30
0.0
0
VERTEX
8
CENTERLINE
10
45.808967
20
88.791423
30
0.0
0
VERTEX
8
CENTERLINE
10
46.003899
20
88.596491
30
0.0
0
VERTEX
8
CENTERLINE
10
45.614035
20
88.109162
30
0.0
0
VERTEX
8
CENTERLINE
10
45.614035
20
86.549708
30
0.0
0
VERTEX
8
CENTERLINE
10
45.321637
20
86.159844
30
0.0
0
VERTEX
8
CENTERLINE
10
44.931774
20
83.528265
30
0.0
0
VERTEX
8
CENTERLINE
10
45.224172
20
83.333333
30
0.0
0
VERTEX
8
CENTERLINE
10
44.834308
20
83.138402
30
0.0
0
VERTEX
8
CENTERLINE
10
44.931774
20
82.846004
30
0.0
0
VERTEX
8
CENTERLINE
10
44.541910
20
81.773879
30
0.0
0
VERTEX
8
CENTERLINE
10
44.541910
20
80.896686
30
0.0
0
VERTEX
8
CENTERLINE
10
44.152047
20
79.434698
30
0.0
0
VERTEX
8
CENTERLINE
10
44.346979
20
78.947368
30
0.0
0
VERTEX
8
CENTERLINE
10
44.152047
20
78.752437
30
0.0
0
VERTEX
8
CENTERLINE
10
43.957115
20
77.680312
30
0.0
0
VERTEX
8
CENTERLINE
10
46.101365
20
77.680312
30
0.0
0
VERTEX
8
CENTERLINE
10
46.198830
20
78.167641
30
0.0
0
VERTEX
8
CENTERLINE
10
46.003899
20
78.362573
30
0.0
0
VERTEX
8
CENTERLINE
10
46.296296
20
78.557505
30
0.0
0
VERTEX
8
CENTERLINE
10
46.783626
20
81.286550
30
0.0
0
VERTEX
8
CENTERLINE
10
47.076023
20
81.578947
30
0.0
0
VERTEX
8
CENTERLINE
10
49.415205
20
81.481481
30
0.0
0
VERTEX
8
CENTERLINE
10
49.707602
20
81.189084
30
0.0
0
VERTEX
8
CENTERLINE
10
49.707602
20
80.214425
30
0.0
0
VERTEX
8
CENTERLINE
10
49.902534
20
79.922027
30
0.0
0
VERTEX
8
CENTERLINE
10
49.902534
20
79.044834
30
0.0
0
VERTEX
8
CENTERLINE
10
50.194932
20
77.875244
30
0.0
0
VERTEX
8
CENTERLINE
10
50.682261
20
77.680312
30
0.0
0
VERTEX
8
CENTERLINE
10
52.339181
20
77.680312
30
0.0
0
VERTEX
8
CENTERLINE
10
52.339181
20
79.239766
30
0.0
0
VERTEX
8
CENTERLINE
10
51.949318
20
80.214425
30
0.0
0
VERTEX
8
CENTERLINE
10
51.949318
20
81.189084
30
0.0
0
VERTEX
8
CENTERLINE
10
51.656920
20
81.676413
30
0.0
0
VERTEX
8
CENTERLINE
10
51.656920
20
83.235867
30
0.0
0
VERTEX
8
CENTERLINE
10
51.364522
20
84.113060
30
0.0
0
VERTEX
8
CENTERLINE
10
51.461988
20
84.307992
30
0.0
0
VERTEX
8
CENTERLINE
10
51.169591
20
84.892788
30
0.0
0
VERTEX
8
CENTERLINE
10
51.267057
20
85.380117
30
0.0
0
VERTEX
8
CENTERLINE
10
50.779727
20
86.549708
30
0.0
0
VERTEX
8
CENTERLINE
10
50.974659
20
87.134503
30
0.0
0
VERTEX
8
CENTERLINE
10
50.389864
20
89.668616
30
0.0
0
VERTEX
8
CENTERLINE
10
50.389864
20
90.545809
30
0.0
0
VERTEX
8
CENTERLINE
10
50.097466
20
90.740741
30
0.0
0
VERTEX
8
CENTERLINE
10
50.292398
20
91.423002
30
0.0
0
VERTEX
8
CENTERLINE
10
49.902534
20
93.372320
30
0.0
0
VERTEX
8
CENTERLINE
10
49.707602
20
93.762183
30
0.0
0
SEQEND
8
CENTERLINE
0
POLYLINE
8
CENTERLINE
66
1
70
1
0
VERTEX
8
CENTERLINE
10
50.779727
20
84.795322
30
0.0
0
VERTEX
8
CENTERLINE
10
50.974659
20
84.990253
30
0.0
0
VERTEX
8
CENTERLINE
10
51.169591
20
84.795322
30
0.0
0
VERTEX
8
CENTERLINE
10
50.974659
20
84.600390
30
0.0
0
SEQEND
8
CENTERLINE
0
POLYLINE
8
CENTERLINE
66
1
70
1
0
VERTEX
8
CENTERLINE
10
48.148148
20
90.058480
30
0.0
0
VERTEX
8
CENTERLINE
10
48.343080
20
89.863548
30
0.0
0
VERTEX
8
CENTERLINE
10
48.343080
20
89.571150
30
0.0
0
VERTEX
8
CENTERLINE
10
48.440546
20
89.473684
30
0.0
0
VERTEX
8
CENTERLINE
10
48.440546
20
89.376218
30
0.0
0
VERTEX
8
CENTERLINE
10
48.538012
20
89.278752
30
0.0
0
VERTEX
8
CENTERLINE
10
48.538012
20
89.083821
30
0.0
0
VERTEX
8
CENTERLINE
10
48.635478
20
88.986355
30
0.0
0
VERTEX
8
CENTERLINE
10
48.635478
20
88.206628
30
0.0
0
VERTEX
8
CENTERLINE
10
48.732943
20
88.109162
30
0.0
0
VERTEX
8
CENTERLINE
10
48.635478
20
88.011696
30
0.0
0
VERTEX
8
CENTERLINE
10
48.635478
20
87.816764
30
0.0
0
VERTEX
8
CENTERLINE
10
48.732943
20
87.719298
30
0.0
0
VERTEX
8
CENTERLINE
10
48.732943
20
87.524366
30
0.0
0
VERTEX
8
CENTERLINE
10
48.830409
20
87.426901
30
0.0
0
VERTEX
8
CENTERLINE
10
48.830409
20
86.842105
30
0.0
0
VERTEX
8
CENTERLINE
10
48.927875
20
86.744639
30
0.0
0
VERTEX
8
CENTERLINE
10
48.927875
20
86.452242
30
0.0
0
VERTEX
8
CENTERLINE
10
49.122807
20
86.257310
30
0.0
0
VERTEX
8
CENTERLINE
10
49.122807
20
86.062378
30
0.0
0
VERTEX
8
CENTERLINE
10
49.025341
20
85.964912
30
0.0
0
VERTEX
8
CENTERLINE
10
49.025341
20
85.769981
30
0.0
0
VERTEX
8
CENTERLINE
10
49.122807
20
85.672515
30
0.0
0
VERTEX
8
CENTERLINE
10
49.025341
20
85.575049
30
0.0
0
VERTEX
8
CENTERLINE
10
49.025341
20
85.477583
30
0.0
0
VERTEX
8
CENTERLINE
10
49.122807
20
85.380117
30
0.0
0
VERTEX
8
CENTERLINE
10
49.122807
20
84.502924
30
0.0
0
VERTEX
8
CENTERLINE
10
49.220273
20
84.405458
30
0.0
0
VERTEX
8
CENTERLINE
10
49.122807
20
84.113060
30
0.0
0
VERTEX
8
CENTERLINE
10
49.220273
20
84.015595
30
0.0
0
VERTEX
8
CENTERLINE
10
49.220273
20
83.723197
30
0.0
0
VERTEX
8
CENTERLINE
10
49.025341
20
83.528265
30
0.0
0
VERTEX
8
CENTERLINE
10
48.927875
20
83.528265
30
0.0
0
VERTEX
8
CENTERLINE
10
48.830409
20
83.625731
30
0.0
0
VERTEX
8
CENTERLINE
10
48.635478
20
83.430799
30
0.0
0
VERTEX
8
CENTERLINE
10
48.538012
20
83.430799
30
0.0
0
VERTEX
8
CENTERLINE
10
48.440546
20
83.528265
30
0.0
0
VERTEX
8
CENTERLINE
10
47.465887
20
83.528265
30
0.0
0
VERTEX
8
CENTERLINE
10
47.368421
20
83.625731
30
0.0
0
VERTEX
8
CENTERLINE
10
47.270955
20
83.625731
30
0.0
0
VERTEX
8
CENTERLINE
10
47.076023
20
83.820663
30
0.0
0
VERTEX
8
CENTERLINE
10
47.173489
20
83.918129
30
0.0
0
VERTEX
8
CENTERLINE
10
47.173489
20
84.307992
30
0.0
0
VERTEX
8
CENTERLINE
10
47.270955
20
84.405458
30
0.0
0
VERTEX
8
CENTERLINE
10
47.270955
20
84.892788
30
0.0
0
VERTEX
8
CENTERLINE
10
47.368421
20
84.990253
30
0.0
0
VERTEX
8
CENTERLINE
10
47.368421
20
85.087719
30
0.0
0
VERTEX
8
CENTERLINE
10
47.270955
20
85.087719
30
0.0
0
VERTEX
8
CENTERLINE
10
47.076023
20
85.282651
30
0.0
0
VERTEX
8
CENTERLINE
10
47.270955
20
85.477583
30
0.0
0
VERTEX
8
CENTERLINE
10
47.368421
20
85.380117
30
0.0
0
VERTEX
8
CENTERLINE
10
47.368421
20
85.769981
30
0.0
0
VERTEX
8
CENTERLINE
10
47.465887
20
85.867446
30
0.0
0
VERTEX
8
CENTERLINE
10
47.465887
20
86.159844
30
0.0
0
VERTEX
8
CENTERLINE
10
47.563353
20
86.257310
30
0.0
0
VERTEX
8
CENTERLINE
10
47.563353
20
86.842105
30
0.0
0
VERTEX
8
CENTERLINE
10
47.660819
20
86.939571
30
0.0
0
VERTEX
8
CENTERLINE
10
47.660819
20
88.109162
30
0.0
0
VERTEX
8
CENTERLINE
10
47.758285
20
88.206628
30
0.0
0
VERTEX
8
CENTERLINE
10
47.758285
20
88.596491
30
0.0
0
VERTEX
8
CENTERLINE
10
47.953216
20
88.791423
30
0.0
0
VERTEX
8
CENTERLINE
10
47.953216
20
89.083821
30
0.0
0
VERTEX
8
CENTERLINE
10
47.855750
20
89.181287
30
0.0
0
VERTEX
8
CENTERLINE
10
47.855750
20
89.376218
30
0.0
0
VERTEX
8
CENTERLINE
10
47.953216
20
89.473684
30
0.0
0
VERTEX
8
CENTERLINE
10
47.953216
20
89.863548
30
0.0
0
SEQEND
8
CENTERLINE
0
POLYLINE
8
CENTERLINE
66
1
70
1
0
VERTEX
8
CENTERLINE
10
35.282651
20
93.859649
30
0.0
0
VERTEX
8
CENTERLINE
10
35.185185
20
77.777778
30
0.0
0
VERTEX
8
CENTERLINE
10
41.812865
20
77.680312
30
0.0
0
VERTEX
8
CENTERLINE
10
41.812865
20
79.824561
30
0.0
0
VERTEX
8
CENTERLINE
10
37.621832
20
79.824561
30
0.0
0
VERTEX
8
CENTERLINE
10
37.231969
20
80.214425
30
0.0
0
VERTEX
8
CENTERLINE
10
37.329435
20
84.502924
30
0.0
0
VERTEX
8
CENTERLINE
10
37.524366
20
84.697856
30
0.0
0
VERTEX
8
CENTERLINE
10
40.643275
20
84.795322
30
0.0
0
VERTEX
8
CENTERLINE
10
40.545809
20
86.842105
30
0.0
0
VERTEX
8
CENTERLINE
10
37.719298
20
86.744639
30
0.0
0
VERTEX
8
CENTERLINE
10
37.231969
20
87.231969
30
0.0
0
VERTEX
8
CENTERLINE
10
37.231969
20
91.228070
30
0.0
0
VERTEX
8
CENTERLINE
10
37.621832
20
91.617934
30
0.0
0
VERTEX
8
CENTERLINE
10
37.816764
20
91.520468
30
0.0
0
VERTEX
8
CENTERLINE
10
38.011696
20
91.715400
30
0.0
0
VERTEX
8
CENTERLINE
10
38.304094
20
91.520468
30
0.0
0
VERTEX
8
CENTERLINE
10
41.715400
20
91.617934
30
0.0
0
VERTEX
8
CENTERLINE
10
41.910331
20
91.812865
30
0.0
0
VERTEX
8
CENTERLINE
10
41.812865
20
93.664717
30
0.0
0
VERTEX
8
CENTERLINE
10
41.423002
20
93.859649
30
0.0
0
SEQEND
8
CENTERLINE
0
POLYLINE
8
CENTERLINE
66
1
70
1
0
VERTEX
8
CENTERLINE
10
25.048733
20
93.859649
30
0.0
0
VERTEX
8
CENTERLINE
10
24.756335
20
93.567251
30
0.0
0
VERTEX
8
CENTERLINE
10
24.853801
20
77.777778
30
0.0
0
VERTEX
8
CENTERLINE
10
26.998051
20
77.777778
30
0.0
0
VERTEX
8
CENTERLINE
10
26.900585
20
83.625731
30
0.0
0
VERTEX
8
CENTERLINE
10
27.192982
20
83.918129
30
0.0
0
VERTEX
8
CENTERLINE
10
28.849903
20
83.918129
30
0.0
0
VERTEX
8
CENTERLINE
10
29.044834
20
83.723197
30
0.0
0
VERTEX
8
CENTERLINE
10
28.947368
20
83.528265
30
0.0
0
VERTEX
8
CENTERLINE
10
29.239766
20
83.235867
30
0.0
0
VERTEX
8
CENTERLINE
10
29.142300
20
82.553606
30
0.0
0
VERTEX
8
CENTERLINE
10
29.629630
20
81.286550
30
0.0
0
VERTEX
8
CENTERLINE
10
29.824561
20
79.824561
30
0.0
0
VERTEX
8
CENTERLINE
10
30.116959
20
78.947368
30
0.0
0
VERTEX
8
CENTERLINE
10
30.409357
20
78.752437
30
0.0
0
VERTEX
8
CENTERLINE
10
30.311891
20
77.875244
30
0.0
0
VERTEX
8
CENTERLINE
10
30.604288
20
77.680312
30
0.0
0
VERTEX
8
CENTERLINE
10
32.748538
20
77.777778
30
0.0
0
VERTEX
8
CENTERLINE
10
32.261209
20
79.044834
30
0.0
0
VERTEX
8
CENTERLINE
10
32.358674
20
79.434698
30
0.0
0
VERTEX
8
CENTERLINE
10
32.066277
20
80.604288
30
0.0
0
VERTEX
8
CENTERLINE
10
31.676413
20
81.286550
30
0.0
0
VERTEX
8
CENTERLINE
10
31.286550
20
83.625731
30
0.0
0
VERTEX
8
CENTERLINE
10
30.994152
20
84.502924
30
0.0
0
VERTEX
8
CENTERLINE
10
30.506823
20
84.892788
30
0.0
0
VERTEX
8
CENTERLINE
10
30.701754
20
85.087719
30
0.0
0
VERTEX
8
CENTERLINE
10
30.994152
20
84.990253
30
0.0
0
VERTEX
8
CENTERLINE
10
31.578947
20
85.477583
30
0.0
0
VERTEX
8
CENTERLINE
10
32.261209
20
87.037037
30
0.0
0
VERTEX
8
CENTERLINE
10
32.066277
20
90.350877
30
0.0
0
VERTEX
8
CENTERLINE
10
32.261209
20
90.935673
30
0.0
0
VERTEX
8
CENTERLINE
10
32.066277
20
91.617934
30
0.0
0
VERTEX
8
CENTERLINE
10
30.994152
20
93.177388
30
0.0
0
VERTEX
8
CENTERLINE
10
30.311891
20
93.469786
30
0.0
0
VERTEX
8
CENTERLINE
10
29.824561
20
93.372320
30
0.0
0
VERTEX
8
CENTERLINE
10
29.434698
20
93.762183
30
0.0
0
SEQEND
8
CENTERLINE
0
POLYLINE
8
CENTERLINE
66
1
70
1
0
VERTEX
8
CENTERLINE
10
27.192982
20
91.617934
30
0.0
0
VERTEX
8
CENTERLINE
10
27.290448
20
91.617934
30
0.0
0
VERTEX
8
CENTERLINE
10
27.387914
20
91.520468
30
0.0
0
VERTEX
8
CENTERLINE
10
28.070175
20
91.520468
30
0.0
0
VERTEX
8
CENTERLINE
10
28.167641
20
91.617934
30
0.0
0
VERTEX
8
CENTERLINE
10
28.265107
20
91.617934
30
0.0
0
VERTEX
8
CENTERLINE
10
28.362573
20
91.520468
30
0.0
0
VERTEX
8
CENTERLINE
10
28.849903
20
91.520468
30
0.0
0
VERTEX
8
CENTERLINE
10
28.947368
20
91.617934
30
0.0
0
VERTEX
8
CENTERLINE
10
29.044834
20
91.617934
30
0.0
0
VERTEX
8
CENTERLINE
10
29.142300
20
91.520468
30
0.0
0
VERTEX
8
CENTERLINE
10
29.337232
20
91.520468
30
0.0
0
VERTEX
8
CENTERLINE
10
30.019493
20
90.935673
30
0.0
0
VERTEX
8
CENTERLINE
10
30.019493
20
90.643275
30
0.0
0
VERTEX
8
CENTERLINE
10
30.214425
20
90.448343
30
0.0
0
VERTEX
8
CENTERLINE
10
30.214425
20
90.350877
30
0.0
0
VERTEX
8
CENTERLINE
10
30.116959
20
90.253411
30
0.0
0
VERTEX
8
CENTERLINE
10
30.116959
20
87.914230
30
0.0
0
VERTEX
8
CENTERLINE
10
30.214425
20
87.816764
30
0.0
0
VERTEX
8
CENTERLINE
10
30.214425
20
87.524366
30
0.0
0
VERTEX
8
CENTERLINE
10
30.116959
20
87.426901
30
0.0
0
VERTEX
8
CENTERLINE
10
30.116959
20
87.231969
30
0.0
0
VERTEX
8
CENTERLINE
10
30.214425
20
87.134503
30
0.0
0
VERTEX
8
CENTERLINE
10
30.116959
20
87.037037
30
0.0
0
VERTEX
8
CENTERLINE
10
30.116959
20
86.939571
30
0.0
0
VERTEX
8
CENTERLINE
10
29.824561
20
86.647173
30
0.0
0
VERTEX
8
CENTERLINE
10
29.824561
20
86.549708
30
0.0
0
VERTEX
8
CENTERLINE
10
29.922027
20
86.452242
30
0.0
0
VERTEX
8
CENTERLINE
10
29.727096
20
86.257310
30
0.0
0
VERTEX
8
CENTERLINE
10
29.629630
20
86.354776
30
0.0
0
VERTEX
8
CENTERLINE
10
29.532164
20
86.257310
30
0.0
0
VERTEX
8
CENTERLINE
10
29.434698
20
86.257310
30
0.0
0
VERTEX
8
CENTERLINE
10
29.239766
20
86.062378
30
0.0
0
VERTEX
8
CENTERLINE
10
27.485380
20
86.062378
30
0.0
0
VERTEX
8
CENTERLINE
10
27.290448
20
85.867446
30
0.0
0
VERTEX
8
CENTERLINE
10
27.192982
20
85.867446
30
0.0
0
VERTEX
8
CENTERLINE
10
26.900585
20
86.159844
30
0.0
0
VERTEX
8
CENTERLINE
10
26.998051
20
86.257310
30
0.0
0
VERTEX
8
CENTERLINE
10
26.998051
20
90.935673
30
0.0
0
VERTEX
8
CENTERLINE
10
26.900585
20
91.033138
30
0.0
0
VERTEX
8
CENTERLINE
10
26.900585
20
91.325536
30
0.0
0
SEQEND
8
CENTERLINE
0
POLYLINE
8
CENTERLINE
66
1
70
1
0
VERTEX
8
CENTERLINE
10
18.518519
20
93.957115
30
0.0
0
VERTEX
8
CENTERLINE
10
17.641326
20
93.859649
30
0.0
0
VERTEX
8
CENTERLINE
10
17.153996
20
93.372320
30
0.0
0
VERTEX
8
CENTERLINE
10
16.569201
20
93.372320
30
0.0
0
VERTEX
8
CENTERLINE
10
16.276803
20
93.079922
30
0.0
0
VERTEX
8
CENTERLINE
10
16.374269
20
92.884990
30
0.0
0
VERTEX
8
CENTERLINE
10
15.692008
20
92.495127
30
0.0
0
VERTEX
8
CENTERLINE
10
15.204678
20
91.520468
30
0.0
0
VERTEX
8
CENTERLINE
10
15.204678
20
91.228070
30
0.0
0
VERTEX
8
CENTERLINE
10
15.497076
20
91.033138
30
0.0
0
VERTEX
8
CENTERLINE
10
15.302144
20
90.838207
30
0.0
0
VERTEX
8
CENTERLINE
10
15.107212
20
90.935673
30
0.0
0
VERTEX
8
CENTERLINE
10
14.912281
20
90.155945
30
0.0
0
VERTEX
8
CENTERLINE
10
14.912281
20
80.799220
30
0.0
0
VERTEX
8
CENTERLINE
10
15.204678
20
80.506823
30
0.0
0
VERTEX
8
CENTERLINE
10
15.107212
20
80.214425
30
0.0
0
VERTEX
8
CENTERLINE
10
15.399610
20
79.824561
30
0.0
0
VERTEX
8
CENTERLINE
10
15.399610
20
79.434698
30
0.0
0
VERTEX
8
CENTERLINE
10
15.984405
20
78.654971
30
0.0
0
VERTEX
8
CENTERLINE
10
17.446394
20
77.680312
30
0.0
0
VERTEX
8
CENTERLINE
10
18.908382
20
77.485380
30
0.0
0
VERTEX
8
CENTERLINE
10
19.103314
20
77.680312
30
0.0
0
VERTEX
8
CENTERLINE
10
19.395712
20
77.582846
30
0.0
0
VERTEX
8
CENTERLINE
10
20.467836
20
77.875244
30
0.0
0
VERTEX
8
CENTERLINE
10
21.442495
20
78.557505
30
0.0
0
VERTEX
8
CENTERLINE
10
21.442495
20
78.849903
30
0.0
0
VERTEX
8
CENTERLINE
10
21.929825
20
79.239766
30
0.0
0
VERTEX
8
CENTERLINE
10
22.319688
20
80.311891
30
0.0
0
VERTEX
8
CENTERLINE
10
22.222222
20
80.799220
30
0.0
0
VERTEX
8
CENTERLINE
10
22.514620
20
80.994152
30
0.0
0
VERTEX
8
CENTERLINE
10
22.417154
20
83.430799
30
0.0
0
VERTEX
8
CENTERLINE
10
20.272904
20
83.333333
30
0.0
0
VERTEX
8
CENTERLINE
10
20.272904
20
80.701754
30
0.0
0
VERTEX
8
CENTERLINE
10
19.298246
20
79.727096
30
0.0
0
VERTEX
8
CENTERLINE
10
19.005848
20
79.824561
30
0.0
0
VERTEX
8
CENTERLINE
10
18.226121
20
79.532164
30
0.0
0
VERTEX
8
CENTERLINE
10
17.446394
20
80.214425
30
0.0
0
VERTEX
8
CENTERLINE
10
17.153996
20
80.896686
30
0.0
0
VERTEX
8
CENTERLINE
10
17.153996
20
90.740741
30
0.0
0
VERTEX
8
CENTERLINE
10
17.738791
20
91.617934
30
0.0
0
VERTEX
8
CENTERLINE
10
18.421053
20
91.812865
30
0.0
0
VERTEX
8
CENTERLINE
10
19.395712
20
91.715400
30
0.0
0
VERTEX
8
CENTERLINE
10
20.272904
20
91.130604
30
0.0
0
VERTEX
8
CENTERLINE
10
20.272904
20
88.499025
30
0.0
0
VERTEX
8
CENTERLINE
10
22.514620
20
88.596491
30
0.0
0
VERTEX
8
CENTERLINE
10
22.514620
20
90.058480
30
0.0
0
VERTEX
8
CENTERLINE
10
22.124756
20
91.910331
30
0.0
0
VERTEX
8
CENTERLINE
10
20.565302
20
93.567251
30
0.0
0
SEQEND
8
CENTERLINE
0
POLYLINE
8
CENTERLINE
66
1
70
1
0
VERTEX
8
CENTERLINE
10
15.984405
20
79.044834
30
0.0
0
VERTEX
8
CENTERLINE
10
16.179337
20
79.239766
30
0.0
0
VERTEX
8
CENTERLINE
10
16.374269
20
79.044834
30
0.0
0
VERTEX
8
CENTERLINE
10
16.179337
20
78.849903
30
0.0
0
SEQEND
8
CENTERLINE
0
POLYLINE
8
CENTERLINE
66
1
70
1
0
VERTEX
8
CENTERLINE
10
19.005848
20
93.469786
30
0.0
0
VERTEX
8
CENTERLINE
10
19.200780
20
93.664717
30
0.0
0
VERTEX
8
CENTERLINE
10
19.298246
20
93.664717
30
0.0
0
VERTEX
8
CENTERLINE
10
19.493177
20
93.469786
30
0.0
0
VERTEX
8
CENTERLINE
10
19.298246
20
93.274854
30
0.0
0
VERTEX
8
CENTERLINE
10
19.200780
20
93.274854
30
0.0
0
SEQEND
8
CENTERLINE
0
POLYLINE
8
CENTERLINE
66
1
70
1
0
VERTEX
8
CENTERLINE
10
31.773879
20
107.894737
30
0.0
0
VERTEX
8
CENTERLINE
10
31.871345
20
107.797271
30
0.0
0
VERTEX
8
CENTERLINE
10
32.066277
20
107.797271
30
0.0
0
VERTEX
8
CENTERLINE
10
32.748538
20
107.407407
30
0.0
0
VERTEX
8
CENTERLINE
10
32.846004
20
107.504873
30
0.0
0
VERTEX
8
CENTERLINE
10
32.943470
20
107.407407
30
0.0
0
VERTEX
8
CENTERLINE
10
33.235867
20
107.407407
30
0.0
0
VERTEX
8
CENTERLINE
10
33.528265
20
107.115010
30
0.0
0
VERTEX
8
CENTERLINE
10
33.625731
20
107.115010
30
0.0
0
VERTEX
8
CENTERLINE
10
34.307992
20
106.725146
30
0.0
0
VERTEX
8
CENTERLINE
10
34.502924
20
106.725146
30
0.0
0
VERTEX
8
CENTERLINE
10
34.600390
20
106.822612
30
0.0
0
VERTEX
8
CENTERLINE
10
34.697856
20
106.822612
30
0.0
0
VERTEX
8
CENTERLINE
10
34.892788
20
106.627680
30
0.0
0
VERTEX
8
CENTERLINE
10
34.892788
20
106.530214
30
0.0
0
VERTEX
8
CENTERLINE
10
34.990253
20
106.530214
30
0.0
0
VERTEX
8
CENTERLINE
10
35.087719
20
106.432749
30
0.0
0
VERTEX
8
CENTERLINE
10
35.185185
20
106.432749
30
0.0
0
VERTEX
8
CENTERLINE
10
35.282651
20
106.335283
30
0.0
0
VERTEX
8
CENTERLINE
10
35.380117
20
106.335283
30
0.0
0
VERTEX
8
CENTERLINE
10
36.062378
20
105.945419
30
0.0
0
VERTEX
8
CENTERLINE
10
36.354776
20
105.945419
30
0.0
0
VERTEX
8
CENTERLINE
10
36.647173
20
105.750487
30
0.0
0
VERTEX
8
CENTERLINE
10
36.744639
20
105.847953
30
0.0
0
VERTEX
8
CENTERLINE
10
36.842105
20
105.750487
30
0.0
0
VERTEX
8
CENTERLINE
10
36.939571
20
105.847953
30
0.0
0
VERTEX
8
CENTERLINE
10
37.329435
20
105.458090
30
0.0
0
VERTEX
8
CENTERLINE
10
37.426901
20
105.555556
30
0.0
0
VERTEX
8
CENTERLINE
10
37.719298
20
105.360624
30
0.0
0
VERTEX
8
CENTERLINE
10
37.914230
20
105.360624
30
0.0
0
VERTEX
8
CENTERLINE
10
38.109162
20
105.165692
30
0.0
0
VERTEX
8
CENTERLINE
10
38.206628
20
105.165692
30
0.0
0
VERTEX
8
CENTERLINE
10
38.499025
20
104.970760
30
0.0
0
VERTEX
8
CENTERLINE
10
38.791423
20
104.970760
30
0.0
0
VERTEX
8
CENTERLINE
10
38.888889
20
104.873294
30
0.0
0
VERTEX
8
CENTERLINE
10
38.986355
20
104.970760
30
0.0
0
VERTEX
8
CENTERLINE
10
39.278752
20
104.775828
30
0.0
0
VERTEX
8
CENTERLINE
10
39.278752
20
104.970760
30
0.0
0
VERTEX
8
CENTERLINE
10
39.376218
20
105.068226
30
0.0
0
VERTEX
8
CENTERLINE
10
39.278752
20
105.165692
30
0.0
0
VERTEX
8
CENTERLINE
10
39.181287
20
105.068226
30
0.0
0
VERTEX
8
CENTERLINE
10
39.083821
20
105.165692
30
0.0
0
VERTEX
8
CENTERLINE
10
38.791423
20
105.263158
30
0.0
0
VERTEX
8
CENTERLINE
10
38.596491
20
105.458090
30
0.0
0
VERTEX
8
CENTERLINE
10
38.304094
20
105.458090
30
0.0
0
VERTEX
8
CENTERLINE
10
38.206628
20
105.555556
30
0.0
0
VERTEX
8
CENTERLINE
10
38.109162
20
105.555556
30
0.0
0
VERTEX
8
CENTERLINE
10
37.816764
20
105.847953
30
0.0
0
VERTEX
8
CENTERLINE
10
37.329435
20
105.847953
30
0.0
0
VERTEX
8
CENTERLINE
10
37.231969
20
105.750487
30
0.0
0
VERTEX
8
CENTERLINE
10
37.037037
20
105.945419
30
0.0
0
VERTEX
8
CENTERLINE
10
37.037037
20
106.042885
30
0.0
0
VERTEX
8
CENTERLINE
10
36.744639
20
106.140351
30
0.0
0
VERTEX
8
CENTERLINE
10
36.549708
20
106.335283
30
0.0
0
VERTEX
8
CENTERLINE
10
36.354776
20
106.335283
30
0.0
0
VERTEX
8
CENTERLINE
10
36.159844
20
106.530214
30
0.0
0
VERTEX
8
CENTERLINE
10
35.964912
20
106.530214
30
0.0
0
VERTEX
8
CENTERLINE
10
35.867446
20
106.432749
30
0.0
0
VERTEX
8
CENTERLINE
10
35.575049
20
106.725146
30
0.0
0
VERTEX
8
CENTERLINE
10
35.477583
20
106.725146
30
0.0
0
VERTEX
8
CENTERLINE
10
35.185185
20
106.920078
30
0.0
0
VERTEX
8
CENTERLINE
10
34.892788
20
106.920078
30
0.0
0
VERTEX
8
CENTERLINE
10
34.600390
20
107.212476
30
0.0
0
VERTEX
8
CENTERLINE
10
34.307992
20
107.212476
30
0.0
0
VERTEX
8
CENTERLINE
10
34.113060
20
107.407407
30
0.0
0
VERTEX
8
CENTERLINE
10
33.820663
20
107.407407
30
0.0
0
VERTEX
8
CENTERLINE
10
33.625731
20
107.602339
30
0.0
0
VERTEX
8
CENTERLINE
10
33.528265
20
107.602339
30
0.0
0
VERTEX
8
CENTERLINE
10
33.430799
20
107.699805
30
0.0
0
VERTEX
8
CENTERLINE
10
33.040936
20
107.699805
30
0.0
0
VERTEX
8
CENTERLINE
10
32.943470
20
107.797271
30
0.0
0
VERTEX
8
CENTERLINE
10
32.748538
20
107.797271
30
0.0
0
VERTEX
8
CENTERLINE
10
32.553606
20
107.992203
30
0.0
0
VERTEX
8
CENTERLINE
10
32.358674
20
107.992203
30
0.0
0
VERTEX
8
CENTERLINE
10
32.261209
20
108.089669
30
0.0
0
SEQEND
8
CENTERLINE
0
POLYLINE
8
CENTERLINE
66
1
70
1
0
VERTEX
8
CENTERLINE
10
86.549708
20
116.179337
30
0.0
0
VERTEX
8
CENTERLINE
10
86.354776
20
116.276803
30
0.0
0
VERTEX
8
CENTERLINE
10
86.062378
20
115.692008
30
0.0
0
VERTEX
8
CENTERLINE
10
85.867446
20
116.081871
30
0.0
0
VERTEX
8
CENTERLINE
10
85.477583
20
115.984405
30
0.0
0
VERTEX
8
CENTERLINE
10
84.795322
20
115.302144
30
0.0
0
VERTEX
8
CENTERLINE
10
84.600390
20
115.497076
30
0.0
0
VERTEX
8
CENTERLINE
10
82.651072
20
114.717349
30
0.0
0
VERTEX
8
CENTERLINE
10
82.066277
20
114.230019
30
0.0
0
VERTEX
8
CENTERLINE
10
81.871345
20
114.327485
30
0.0
0
VERTEX
8
CENTERLINE
10
79.922027
20
113.352827
30
0.0
0
VERTEX
8
CENTERLINE
10
79.434698
20
113.352827
30
0.0
0
VERTEX
8
CENTERLINE
10
77.387914
20
112.280702
30
0.0
0
VERTEX
8
CENTERLINE
10
76.120858
20
111.890838
30
0.0
0
VERTEX
8
CENTERLINE
10
75.048733
20
111.208577
30
0.0
0
VERTEX
8
CENTERLINE
10
74.463938
20
111.208577
30
0.0
0
VERTEX
8
CENTERLINE
10
73.781676
20
110.721248
30
0.0
0
VERTEX
8
CENTERLINE
10
72.807018
20
110.526316
30
0.0
0
VERTEX
8
CENTERLINE
10
72.222222
20
110.038986
30
0.0
0
VERTEX
8
CENTERLINE
10
71.539961
20
109.941520
30
0.0
0
VERTEX
8
CENTERLINE
10
68.713450
20
108.479532
30
0.0
0
VERTEX
8
CENTERLINE
10
68.421053
20
108.576998
30
0.0
0
VERTEX
8
CENTERLINE
10
67.348928
20
107.894737
30
0.0
0
VERTEX
8
CENTERLINE
10
66.861598
20
107.894737
30
0.0
0
VERTEX
8
CENTERLINE
10
65.789474
20
107.407407
30
0.0
0
VERTEX
8
CENTERLINE
10
65.594542
20
106.920078
30
0.0
0
VERTEX
8
CENTERLINE
10
65.009747
20
107.115010
30
0.0
0
VERTEX
8
CENTERLINE
10
64.717349
20
106.822612
30
0.0
0
VERTEX
8
CENTERLINE
10
62.962963
20
106.237817
30
0.0
0
VERTEX
8
CENTERLINE
10
61.988304
20
105.653021
30
0.0
0
VERTEX
8
CENTERLINE
10
61.793372
20
105.750487
30
0.0
0
VERTEX
8
CENTERLINE
10
60.428850
20
104.970760
30
0.0
0
VERTEX
8
CENTERLINE
10
61.013645
20
104.775828
30
0.0
0
VERTEX
8
CENTERLINE
10
63.255361
20
105.945419
30
0.0
0
VERTEX
8
CENTERLINE
10
66.374269
20
107.115010
30
0.0
0
VERTEX
8
CENTERLINE
10
66.764133
20
107.504873
30
0.0
0
VERTEX
8
CENTERLINE
10
67.348928
20
107.504873
30
0.0
0
VERTEX
8
CENTERLINE
10
67.738791
20
107.699805
30
0.0
0
VERTEX
8
CENTERLINE
10
68.226121
20
108.382066
30
0.0
0
VERTEX
8
CENTERLINE
10
68.421053
20
108.089669
30
0.0
0
VERTEX
8
CENTERLINE
10
69.200780
20
108.284600
30
0.0
0
VERTEX
8
CENTERLINE
10
70.272904
20
108.966862
30
0.0
0
VERTEX
8
CENTERLINE
10
70.467836
20
108.869396
30
0.0
0
VERTEX
8
CENTERLINE
10
70.662768
20
109.259259
30
0.0
0
VERTEX
8
CENTERLINE
10
70.955166
20
109.161793
30
0.0
0
VERTEX
8
CENTERLINE
10
71.345029
20
109.454191
30
0.0
0
VERTEX
8
CENTERLINE
10
71.832359
20
109.454191
30
0.0
0
VERTEX
8
CENTERLINE
10
73.001949
20
110.136452
30
0.0
0
VERTEX
8
CENTERLINE
10
74.853801
20
110.721248
30
0.0
0
VERTEX
8
CENTERLINE
10
75.536062
20
111.306043
30
0.0
0
VERTEX
8
CENTERLINE
10
75.925926
20
111.208577
30
0.0
0
VERTEX
8
CENTERLINE
10
76.218324
20
111.500975
30
0.0
0
VERTEX
8
CENTERLINE
10
76.413255
20
111.403509
30
0.0
0
VERTEX
8
CENTERLINE
10
77.387914
20
111.988304
30
0.0
0
VERTEX
8
CENTERLINE
10
79.044834
20
112.573099
30
0.0
0
VERTEX
8
CENTERLINE
10
79.532164
20
112.962963
30
0.0
0
VERTEX
8
CENTERLINE
10
79.727096
20
112.865497
30
0.0
0
VERTEX
8
CENTERLINE
10
80.116959
20
113.060429
30
0.0
0
VERTEX
8
CENTERLINE
10
80.311891
20
113.450292
30
0.0
0
VERTEX
8
CENTERLINE
10
80.604288
20
113.255361
30
0.0
0
VERTEX
8
CENTERLINE
10
81.384016
20
113.645224
30
0.0
0
VERTEX
8
CENTERLINE
10
81.286550
20
113.840156
30
0.0
0
VERTEX
8
CENTERLINE
10
81.676413
20
114.132554
30
0.0
0
VERTEX
8
CENTERLINE
10
82.163743
20
113.937622
30
0.0
0
VERTEX
8
CENTERLINE
10
82.846004
20
114.424951
30
0.0
0
VERTEX
8
CENTERLINE
10
83.723197
20
114.619883
30
0.0
0
VERTEX
8
CENTERLINE
10
84.015595
20
115.009747
30
0.0
0
VERTEX
8
CENTERLINE
10
84.210526
20
114.814815
30
0.0
0
VERTEX
8
CENTERLINE
10
84.600390
20
115.204678
30
0.0
0
VERTEX
8
CENTERLINE
10
85.282651
20
115.204678
30
0.0
0
VERTEX
8
CENTERLINE
10
85.477583
20
115.497076
30
0.0
0
VERTEX
8
CENTERLINE
10
86.257310
20
115.692008
30
0.0
0
SEQEND
8
CENTERLINE
0
POLYLINE
8
CENTERLINE
66
1
70
1
0
VERTEX
8
CENTERLINE
10
72.904483
20
110.331384
30
0.0
0
VERTEX
8
CENTERLINE
10
73.099415
20
110.526316
30
0.0
0
VERTEX
8
CENTERLINE
10
73.294347
20
110.331384
30
0.0
0
VERTEX
8
CENTERLINE
10
73.099415
20
110.136452
30
0.0
0
SEQEND
8
CENTERLINE
0
POLYLINE
8
CENTERLINE
66
1
70
0
0
VERTEX
8
CENTERLINE
10
18.128655
20
62.768031
30
0.0
0
VERTEX
8
CENTERLINE
10
18.128655
20
57.017544
30
0.0
0
SEQEND
8
CENTERLINE
0
POLYLINE
8
CENTERLINE
66
1
70
0
0
VERTEX
8
CENTERLINE
10
41.520468
20
136.744639
30
0.0
0
VERTEX
8
CENTERLINE
10
41.715400
20
136.744639
30
0.0
0
VERTEX
8
CENTERLINE
10
41.910331
20
136.939571
30
0.0
0
SEQEND
8
CENTERLINE
0
POLYLINE
8
CENTERLINE
66
1
70
0
0
VERTEX
8
CENTERLINE
10
28.849903
20
109.356725
30
0.0
0
VERTEX
8
CENTERLINE
10
28.947368
20
109.259259
30
0.0
0
VERTEX
8
CENTERLINE
10
29.142300
20
109.259259
30
0.0
0
VERTEX
8
CENTERLINE
10
29.239766
20
109.161793
30
0.0
0
VERTEX
8
CENTERLINE
10
29.434698
20
109.161793
30
0.0
0
SEQEND
8
CENTERLINE
0
POLYLINE
8
CENTERLINE
66
1
70
0
0
VERTEX
8
CENTERLINE
10
30.604288
20
85.964912
30
0.0
0
VERTEX
8
CENTERLINE
10
30.896686
20
86.257310
30
0.0
0
VERTEX
8
CENTERLINE
10
30.896686
20
86.647173
30
0.0
0
VERTEX
8
CENTERLINE
10
30.994152
20
86.744639
30
0.0
0
VERTEX
8
CENTERLINE
10
30.994152
20
86.842105
30
0.0
0
VERTEX
8
CENTERLINE
10
31.091618
20
86.939571
30
0.0
0
VERTEX
8
CENTERLINE
10
31.091618
20
87.329435
30
0.0
0
VERTEX
8
CENTERLINE
10
31.189084
20
87.426901
30
0.0
0
VERTEX
8
CENTERLINE
10
31.189084
20
90.643275
30
0.0
0
VERTEX
8
CENTERLINE
10
31.091618
20
90.740741
30
0.0
0
VERTEX
8
CENTERLINE
10
31.091618
20
90.935673
30
0.0
0
VERTEX
8
CENTERLINE
10
30.994152
20
91.033138
30
0.0
0
VERTEX
8
CENTERLINE
10
30.994152
20
91.228070
30
0.0
0
SEQEND
8
CENTERLINE
0
POLYLINE
8
CENTERLINE
66
1
70
0
0
VERTEX
8
CENTERLINE
10
32.456140
20
63.937622
30
0.0
0
VERTEX
8
CENTERLINE
10
32.553606
20
64.035088
30
0.0
0
VERTEX
8
CENTERLINE
10
32.553606
20
64.230019
30
0.0
0
VERTEX
8
CENTERLINE
10
32.651072
20
64.327485
30
0.0
0
SEQEND
8
CENTERLINE
0
POLYLINE
8
CENTERLINE
66
1
70
0
0
VERTEX
8
CENTERLINE
10
89.376218
20
31.871345
30
0.0
0
VERTEX
8
CENTERLINE
10
89.181287
20
31.871345
30
0.0
0
VERTEX
8
CENTERLINE
10
89.083821
20
31.773879
30
0.0
0
VERTEX
8
CENTERLINE
10
88.888889
20
31.773879
30
0.0
0
VERTEX
8
CENTERLINE
10
88.791423
20
31.676413
30
0.0
0
SEQEND
8
CENTERLINE
0
POLYLINE
8
CENTERLINE
66
1
70
0
0
VERTEX
8
CENTERLINE
10
72.124756
20
22.027290
30
0.0
0
VERTEX
8
CENTERLINE
10
72.222222
20
22.027290
30
0.0
0
VERTEX
8
CENTERLINE
10
72.319688
20
22.124756
30
0.0
0
VERTEX
8
CENTERLINE
10
72.417154
20
22.124756
30
0.0
0
SEQEND
8
CENTERLINE
0
POLYLINE
8
CENTERLINE
66
1
70
0
0
VERTEX
8
CENTERLINE
10
29.727096
20
20.857700
30
0.0
0
VERTEX
8
CENTERLINE
10
29.824561
20
20.760234
30
0.0
0
VERTEX
8
CENTERLINE
10
29.922027
20
20.760234
30
0.0
0
VERTEX
8
CENTERLINE
10
30.116959
20
20.565302
30
0.0
0
VERTEX
8
CENTERLINE
10
30.214425
20
20.565302
30
0.0
0
VERTEX
8
CENTERLINE
10
30.311891
20
20.467836
30
0.0
0
SEQEND
8
CENTERLINE
0
POLYLINE
8
CENTERLINE
66
1
70
0
0
VERTEX
8
CENTERLINE
10
67.543860
20
70.467836
30
0.0
0
VERTEX
8
CENTERLINE
10
66.861598
20
69.785575
30
0.0
0
SEQEND
8
CENTERLINE
0
POLYLINE
8
CENTERLINE
66
1
70
0
0
VERTEX
8
CENTERLINE
10
57.504873
20
137.231969
30
0.0
0
VERTEX
8
CENTERLINE
10
57.602339
20
137.134503
30
0.0
0
VERTEX
8
CENTERLINE
10
57.797271
20
137.134503
30
0.0
0
VERTEX
8
CENTERLINE
10
57.894737
20
137.037037
30
0.0
0
SEQEND
8
CENTERLINE
0
POLYLINE
8
CENTERLINE
66
1
70
0
0
VERTEX
8
CENTERLINE
10
58.089669
20
136.842105
30
0.0
0
VERTEX
8
CENTERLINE
10
58.284600
20
136.647173
30
0.0
0
VERTEX
8
CENTERLINE
10
58.382066
20
136.647173
30
0.0
0
VERTEX
8
CENTERLINE
10
58.479532
20
136.549708
30
0.0
0
VERTEX
8
CENTERLINE
10
58.674464
20
136.549708
30
0.0
0
VERTEX
8
CENTERLINE
10
58.771930
20
136.452242
30
0.0
0
VERTEX
8
CENTERLINE
10
58.869396
20
136.452242
30
0.0
0
VERTEX
8
CENTERLINE
10
58.966862
20
136.354776
30
0.0
0
SEQEND
8
CENTERLINE
0
POLYLINE
8
CENTERLINE
66
1
70
0
0
VERTEX
8
CENTERLINE
10
38.011696
20
134.795322
30
0.0
0
VERTEX
8
CENTERLINE
10
38.109162
20
134.892788
30
0.0
0
VERTEX
8
CENTERLINE
10
38.304094
20
134.892788
30
0.0
0
SEQEND
8
CENTERLINE
0
POLYLINE
8
CENTERLINE
66
1
70
0
0
VERTEX
8
CENTERLINE
10
20.175439
20
79.044834
30
0.0
0
VERTEX
8
CENTERLINE
10
20.077973
20
78.947368
30
0.0
0
VERTEX
8
CENTERLINE
10
19.883041
20
78.947368
30
0.0
0
VERTEX
8
CENTERLINE
10
19.785575
20
78.849903
30
0.0
0
VERTEX
8
CENTERLINE
10
19.590643
20
78.849903
30
0.0
0
VERTEX
8
CENTERLINE
10
19.493177
20
78.752437
30
0.0
0
VERTEX
8
CENTERLINE
10
19.395712
20
78.752437
30
0.0
0
VERTEX
8
CENTERLINE
10
19.298246
20
78.654971
30
0.0
0
VERTEX
8
CENTERLINE
10
18.226121
20
78.654971
30
0.0
0
VERTEX
8
CENTERLINE
10
18.128655
20
78.752437
30
0.0
0
VERTEX
8
CENTERLINE
10
17.738791
20
78.752437
30
0.0
0
VERTEX
8
CENTERLINE
10
17.641326
20
78.849903
30
0.0
0
VERTEX
8
CENTERLINE
10
17.543860
20
78.849903
30
0.0
0
VERTEX
8
CENTERLINE
10
17.446394
20
78.947368
30
0.0
0
VERTEX
8
CENTERLINE
10
17.348928
20
78.947368
30
0.0
0
VERTEX
8
CENTERLINE
10
17.153996
20
79.142300
30
0.0
0
SEQEND
8
CENTERLINE
0
POLYLINE
8
CENTERLINE
66
1
70
0
0
VERTEX
8
CENTERLINE
10
42.495127
20
137.426901
30
0.0
0
VERTEX
8
CENTERLINE
10
42.592593
20
137.524366
30
0.0
0
VERTEX
8
CENTERLINE
10
42.982456
20
137.524366
30
0.0
0
VERTEX
8
CENTERLINE
10
43.177388
20
137.719298
30
0.0
0
SEQEND
8
CENTERLINE
0
POLYLINE
8
CENTERLINE
66
1
70
0
0
VERTEX
8
CENTERLINE
10
80.896686
20
123.489279
30
0.0
0
VERTEX
8
CENTERLINE
10
80.799220
20
123.586745
30
0.0
0
VERTEX
8
CENTERLINE
10
80.799220
20
123.684211
30
0.0
0
VERTEX
8
CENTERLINE
10
80.701754
20
123.781676
30
0.0
0
SEQEND
8
CENTERLINE
0
POLYLINE
8
CENTERLINE
66
1
70
0
0
VERTEX
8
CENTERLINE
10
80.994152
20
123.391813
30
0.0
0
VERTEX
8
CENTERLINE
10
81.091618
20
123.391813
30
0.0
0
VERTEX
8
CENTERLINE
10
81.189084
20
123.294347
30
0.0
0
VERTEX
8
CENTERLINE
10
81.676413
20
123.294347
30
0.0
0
VERTEX
8
CENTERLINE
10
81.773879
20
123.196881
30
0.0
0
SEQEND
8
CENTERLINE
0
POLYLINE
8
CENTERLINE
66
1
70
0
0
VERTEX
8
CENTERLINE
10
56.237817
20
92.690058
30
0.0
0
VERTEX
8
CENTERLINE
10
58.576998
20
92.690058
30
0.0
0
SEQEND
8
CENTERLINE
0
POLYLINE
8
CENTERLINE
66
1
70
0
0
VERTEX
8
CENTERLINE
10
79.239766
20
112.962963
30
0.0
0
VERTEX
8
CENTERLINE
10
79.337232
20
113.060429
30
0.0
0
VERTEX
8
CENTERLINE
10
79.532164
20
113.060429
30
0.0
0
VERTEX
8
CENTERLINE
10
79.629630
20
113.157895
30
0.0
0
VERTEX
8
CENTERLINE
10
79.922027
20
113.157895
30
0.0
0
VERTEX
8
CENTERLINE
10
80.214425
20
113.450292
30
0.0
0
VERTEX
8
CENTERLINE
10
80.311891
20
113.450292
30
0.0
0
VERTEX
8
CENTERLINE
10
80.409357
20
113.547758
30
0.0
0
VERTEX
8
CENTERLINE
10
80.701754
20
113.547758
30
0.0
0
VERTEX
8
CENTERLINE
10
80.896686
20
113.742690
30
0.0
0
VERTEX
8
CENTERLINE
10
81.091618
20
113.742690
30
0.0
0
SEQEND
8
CENTERLINE
0
POLYLINE
8
CENTERLINE
66
1
70
0
0
VERTEX
8
CENTERLINE
10
47.758285
20
10.233918
30
0.0
0
VERTEX
8
CENTERLINE
10
47.953216
20
10.233918
30
0.0
0
VERTEX
8
CENTERLINE
10
48.050682
20
10.136452
30
0.0
0
VERTEX
8
CENTERLINE
10
48.245614
20
10.136452
30
0.0
0
VERTEX
8
CENTERLINE
10
48.440546
20
9.941520
30
0.0
0
VERTEX
8
CENTERLINE
10
48.635478
20
9.941520
30
0.0
0
VERTEX
8
CENTERLINE
10
48.732943
20
9.844055
30
0.0
0
VERTEX
8
CENTERLINE
10
49.122807
20
9.844055
30
0.0
0
VERTEX
8
CENTERLINE
10
49.220273
20
9.746589
30
0.0
0
VERTEX
8
CENTERLINE
10
49.317739
20
9.746589
30
0.0
0
SEQEND
8
CENTERLINE
0
POLYLINE
8
CENTERLINE
66
1
70
0
0
VERTEX
8
CENTERLINE
10
54.093567
20
11.598441
30
0.0
0
VERTEX
8
CENTERLINE
10
53.996101
20
11.500975
30
0.0
0
VERTEX
8
CENTERLINE
10
53.898635
20
11.500975
30
0.0
0
VERTEX
8
CENTERLINE
10
53.703704
20
11.306043
30
0.0
0
SEQEND
8
CENTERLINE
0
POLYLINE
8
CENTERLINE
66
1
70
0
0
VERTEX
8
CENTERLINE
10
63.742690
20
17.056530
30
0.0
0
VERTEX
8
CENTERLINE
10
63.645224
20
16.959064
30
0.0
0
VERTEX
8
CENTERLINE
10
63.547758
20
16.959064
30
0.0
0
VERTEX
8
CENTERLINE
10
63.450292
20
16.861598
30
0.0
0
VERTEX
8
CENTERLINE
10
63.255361
20
16.861598
30
0.0
0
VERTEX
8
CENTERLINE
10
63.157895
20
16.764133
30
0.0
0
SEQEND
8
CENTERLINE
0
POLYLINE
8
CENTERLINE
66
1
70
0
0
VERTEX
8
CENTERLINE
10
62.085770
20
45.224172
30
0.0
0
VERTEX
8
CENTERLINE
10
62.475634
20
45.224172
30
0.0
0
VERTEX
8
CENTERLINE
10
62.670565
20
45.029240
30
0.0
0
VERTEX
8
CENTERLINE
10
62.768031
20
45.029240
30
0.0
0
SEQEND
8
CENTERLINE
0
POLYLINE
8
CENTERLINE
66
1
70
0
0
VERTEX
8
CENTERLINE
10
33.820663
20
18.421053
30
0.0
0
VERTEX
8
CENTERLINE
10
33.625731
20
18.615984
30
0.0
0
VERTEX
8
CENTERLINE
10
33.430799
20
18.615984
30
0.0
0
VERTEX
8
CENTERLINE
10
33.235867
20
18.810916
30
0.0
0
VERTEX
8
CENTERLINE
10
32.943470
20
18.810916
30
0.0
0
VERTEX
8
CENTERLINE
10
32.651072
20
19.103314
30
0.0
0
SEQEND
8
CENTERLINE
0
POLYLINE
8
CENTERLINE
66
1
70
0
0
VERTEX
8
CENTERLINE
10
19.395712
20
26.900585
30
0.0
0
VERTEX
8
CENTERLINE
10
19.298246
20
26.998051
30
0.0
0
VERTEX
8
CENTERLINE
10
19.005848
20
26.998051
30
0.0
0
VERTEX
8
CENTERLINE
10
18.908382
20
27.095517
30
0.0
0
VERTEX
8
CENTERLINE
10
18.810916
20
27.095517
30
0.0
0
VERTEX
8
CENTERLINE
10
18.713450
20
27.192982
30
0.0
0
SEQEND
8
CENTERLINE
0
POLYLINE
8
CENTERLINE
66
1
70
0
0
VERTEX
8
CENTERLINE
10
10.623782
20
117.348928
30
0.0
0
VERTEX
8
CENTERLINE
10
10.526316
20
117.348928
30
0.0
0
VERTEX
8
CENTERLINE
10
10.428850
20
117.446394
30
0.0
0
VERTEX
8
CENTERLINE
10
10.136452
20
117.446394
30
0.0
0
VERTEX
8
CENTERLINE
10
9.551657
20
118.031189
30
0.0
0
SEQEND
8
CENTERLINE
0
POLYLINE
8
CENTERLINE
66
1
70
0
0
VERTEX
8
CENTERLINE
10
50.194932
20
8.576998
30
0.0
0
VERTEX
8
CENTERLINE
10
50.097466
20
8.576998
30
0.0
0
VERTEX
8
CENTERLINE
10
50.000000
20
8.479532
30
0.0
0
VERTEX
8
CENTERLINE
10
49.902534
20
8.576998
30
0.0
0
VERTEX
8
CENTERLINE
10
49.805068
20
8.576998
30
0.0
0
VERTEX
8
CENTERLINE
10
49.610136
20
8.771930
30
0.0
0
VERTEX
8
CENTERLINE
10
49.610136
20
8.966862
30
0.0
0
VERTEX
8
CENTERLINE
10
49.512671
20
9.064327
30
0.0
0
VERTEX
8
CENTERLINE
10
49.512671
20
9.161793
30
0.0
0
VERTEX
8
CENTERLINE
10
49.415205
20
9.259259
30
0.0
0
VERTEX
8
CENTERLINE
10
49.415205
20
9.649123
30
0.0
0
SEQEND
8
CENTERLINE
0
POLYLINE
8
CENTERLINE
66
1
70
0
0
VERTEX
8
CENTERLINE
10
51.072125
20
79.239766
30
0.0
0
VERTEX
8
CENTERLINE
10
51.072125
20
79.337232
30
0.0
0
VERTEX
8
CENTERLINE
10
50.974659
20
79.434698
30
0.0
0
VERTEX
8
CENTERLINE
10
50.974659
20
79.922027
30
0.0
0
VERTEX
8
CENTERLINE
10
50.877193
20
80.019493
30
0.0
0
VERTEX
8
CENTERLINE
10
50.877193
20
80.604288
30
0.0
0
VERTEX
8
CENTERLINE
10
50.779727
20
80.701754
30
0.0
0
VERTEX
8
CENTERLINE
10
50.779727
20
81.091618
30
0.0
0
VERTEX
8
CENTERLINE
10
50.682261
20
81.189084
30
0.0
0
VERTEX
8
CENTERLINE
10
50.682261
20
82.163743
30
0.0
0
VERTEX
8
CENTERLINE
10
50.584795
20
82.261209
30
0.0
0
VERTEX
8
CENTERLINE
10
50.584795
20
82.456140
30
0.0
0
VERTEX
8
CENTERLINE
10
50.487329
20
82.553606
30
0.0
0
SEQEND
8
CENTERLINE
0
POLYLINE
8
CENTERLINE
66
1
70
0
0
VERTEX
8
CENTERLINE
10
83.138402
20
123.196881
30
0.0
0
VERTEX
8
CENTERLINE
10
83.235867
20
123.099415
30
0.0
0
VERTEX
8
CENTERLINE
10
83.235867
20
122.612086
30
0.0
0
SEQEND
8
CENTERLINE
0
POLYLINE
8
CENTERLINE
66
1
70
0
0
VERTEX
8
CENTERLINE
10
63.352827
20
78.947368
30
0.0
0
VERTEX
8
CENTERLINE
10
63.352827
20
92.300195
30
0.0
0
VERTEX
8
CENTERLINE
10
63.450292
20
92.397661
30
0.0
0
VERTEX
8
CENTERLINE
10
63.450292
20
92.787524
30
0.0
0
SEQEND
8
CENTERLINE
0
POLYLINE
8
CENTERLINE
66
1
70
0
0
VERTEX
8
CENTERLINE
10
20.662768
20
124.756335
30
0.0
0
VERTEX
8
CENTERLINE
10
20.955166
20
125.048733
30
0.0
0
VERTEX
8
CENTERLINE
10
21.345029
20
125.048733
30
0.0
0
VERTEX
8
CENTERLINE
10
21.442495
20
125.146199
30
0.0
0
VERTEX
8
CENTERLINE
10
21.539961
20
125.146199
30
0.0
0
VERTEX
8
CENTERLINE
10
21.637427
20
125.243665
30
0.0
0
SEQEND
8
CENTERLINE
0
POLYLINE
8
CENTERLINE
66
1
70
0
0
VERTEX
8
CENTERLINE
10
64.717349
20
44.152047
30
0.0
0
VERTEX
8
CENTERLINE
10
64.619883
20
44.249513
30
0.0
0
VERTEX
8
CENTERLINE
10
64.424951
20
44.249513
30
0.0
0
VERTEX
8
CENTERLINE
10
64.327485
20
44.346979
30
0.0
0
VERTEX
8
CENTERLINE
10
64.230019
20
44.346979
30
0.0
0
VERTEX
8
CENTERLINE
10
64.132554
20
44.444444
30
0.0
0
VERTEX
8
CENTERLINE
10
64.035088
20
44.444444
30
0.0
0
VERTEX
8
CENTERLINE
10
63.937622
20
44.541910
30
0.0
0
VERTEX
8
CENTERLINE
10
63.742690
20
44.541910
30
0.0
0
VERTEX
8
CENTERLINE
10
63.645224
20
44.639376
30
0.0
0
VERTEX
8
CENTERLINE
10
63.547758
20
44.639376
30
0.0
0
SEQEND
8
CENTERLINE
0
POLYLINE
8
CENTERLINE
66
1
70
0
0
VERTEX
8
CENTERLINE
10
39.473684
20
56.822612
30
0.0
0
VERTEX
8
CENTERLINE
10
39.376218
20
56.920078
30
0.0
0
VERTEX
8
CENTERLINE
10
39.083821
20
56.920078
30
0.0
0
VERTEX
8
CENTERLINE
10
38.888889
20
57.115010
30
0.0
0
SEQEND
8
CENTERLINE
0
POLYLINE
8
CENTERLINE
66
1
70
0
0
VERTEX
8
CENTERLINE
10
29.434698
20
84.990253
30
0.0
0
VERTEX
8
CENTERLINE
10
28.557505
20
84.990253
30
0.0
0
VERTEX
8
CENTERLINE
10
28.460039
20
84.892788
30
0.0
0
VERTEX
8
CENTERLINE
10
25.925926
20
84.892788
30
0.0
0
SEQEND
8
CENTERLINE
0
POLYLINE
8
CENTERLINE
66
1
70
0
0
VERTEX
8
CENTERLINE
10
27.875244
20
70.565302
30
0.0
0
VERTEX
8
CENTERLINE
10
27.972710
20
70.662768
30
0.0
0
VERTEX
8
CENTERLINE
10
29.824561
20
70.662768
30
0.0
0
VERTEX
8
CENTERLINE
10
29.922027
20
70.565302
30
0.0
0
VERTEX
8
CENTERLINE
10
30.896686
20
70.565302
30
0.0
0
VERTEX
8
CENTERLINE
10
30.994152
20
70.467836
30
0.0
0
VERTEX
8
CENTERLINE
10
31.578947
20
70.467836
30
0.0
0
VERTEX
8
CENTERLINE
10
31.676413
20
70.370370
30
0.0
0
VERTEX
8
CENTERLINE
10
31.773879
20
70.370370
30
0.0
0
SEQEND
8
CENTERLINE
0
POLYLINE
8
CENTERLINE
66
1
70
0
0
VERTEX
8
CENTERLINE
10
84.210526
20
115.107212
30
0.0
0
VERTEX
8
CENTERLINE
10
84.015595
20
115.107212
30
0.0
0
VERTEX
8
CENTERLINE
10
83.918129
20
115.009747
30
0.0
0
VERTEX
8
CENTERLINE
10
83.820663
20
115.009747
30
0.0
0
SEQEND
8
CENTERLINE
0
POLYLINE
8
CENTERLINE
66
1
70
0
0
VERTEX
8
CENTERLINE
10
80.604288
20
26.900585
30
0.0
0
VERTEX
8
CENTERLINE
10
80.506823
20
26.803119
30
0.0
0
VERTEX
8
CENTERLINE
10
80.311891
20
26.803119
30
0.0
0
VERTEX
8
CENTERLINE
10
80.214425
20
26.705653
30
0.0
0
SEQEND
8
CENTERLINE
0
POLYLINE
8
CENTERLINE
66
1
70
0
0
VERTEX
8
CENTERLINE
10
30.994152
20
130.604288
30
0.0
0
VERTEX
8
CENTERLINE
10
30.896686
20
130.506823
30
0.0
0
VERTEX
8
CENTERLINE
10
30.701754
20
130.506823
30
0.0
0
VERTEX
8
CENTERLINE
10
30.604288
20
130.409357
30
0.0
0
VERTEX
8
CENTERLINE
10
30.409357
20
130.409357
30
0.0
0
VERTEX
8
CENTERLINE
10
30.311891
20
130.311891
30
0.0
0
SEQEND
8
CENTERLINE
0
POLYLINE
8
CENTERLINE
66
1
70
0
0
VERTEX
8
CENTERLINE
10
82.943470
20
121.734893
30
0.0
0
VERTEX
8
CENTERLINE
10
82.943470
20
121.832359
30
0.0
0
VERTEX
8
CENTERLINE
10
82.846004
20
121.929825
30
0.0
0
VERTEX
8
CENTERLINE
10
82.846004
20
122.027290
30
0.0
0
VERTEX
8
CENTERLINE
10
82.748538
20
122.124756
30
0.0
0
VERTEX
8
CENTERLINE
10
82.748538
20
122.417154
30
0.0
0
SEQEND
8
CENTERLINE
0
POLYLINE
8
CENTERLINE
66
1
70
0
0
VERTEX
8
CENTERLINE
10
36.159844
20
133.723197
30
0.0
0
VERTEX
8
CENTERLINE
10
35.964912
20
133.528265
30
0.0
0
VERTEX
8
CENTERLINE
10
35.867446
20
133.528265
30
0.0
0
VERTEX
8
CENTERLINE
10
35.769981
20
133.430799
30
0.0
0
SEQEND
8
CENTERLINE
0
POLYLINE
8
CENTERLINE
66
1
70
0
0
VERTEX
8
CENTERLINE
10
60.721248
20
45.906433
30
0.0
0
VERTEX
8
CENTERLINE
10
60.818713
20
45.808967
30
0.0
0
VERTEX
8
CENTERLINE
10
60.916179
20
45.808967
30
0.0
0
VERTEX
8
CENTERLINE
10
61.013645
20
45.711501
30
0.0
0
VERTEX
8
CENTERLINE
10
61.111111
20
45.711501
30
0.0
0
SEQEND
8
CENTERLINE
0
POLYLINE
8
CENTERLINE
66
1
70
0
0
VERTEX
8
CENTERLINE
10
19.883041
20
123.294347
30
0.0
0
VERTEX
8
CENTERLINE
10
20.077973
20
123.489279
30
0.0
0
VERTEX
8
CENTERLINE
10
20.077973
20
124.171540
30
0.0
0
SEQEND
8
CENTERLINE
0
POLYLINE
8
CENTERLINE
66
1
70
0
0
VERTEX
8
CENTERLINE
10
73.684211
20
22.904483
30
0.0
0
VERTEX
8
CENTERLINE
10
73.879142
20
22.904483
30
0.0
0
VERTEX
8
CENTERLINE
10
73.976608
20
23.001949
30
0.0
0
VERTEX
8
CENTERLINE
10
74.074074
20
23.001949
30
0.0
0
VERTEX
8
CENTERLINE
10
74.269006
20
23.196881
30
0.0
0
SEQEND
8
CENTERLINE
0
POLYLINE
8
CENTERLINE
66
1
70
0
0
VERTEX
8
CENTERLINE
10
60.721248
20
63.742690
30
0.0
0
VERTEX
8
CENTERLINE
10
60.623782
20
63.645224
30
0.0
0
VERTEX
8
CENTERLINE
10
60.428850
20
63.645224
30
0.0
0
VERTEX
8
CENTERLINE
10
60.331384
20
63.742690
30
0.0
0
VERTEX
8
CENTERLINE
10
57.602339
20
63.742690
30
0.0
0
SEQEND
8
CENTERLINE
0
POLYLINE
8
CENTERLINE
66
1
70
0
0
VERTEX
8
CENTERLINE
10
81.481481
20
69.103314
30
0.0
0
VERTEX
8
CENTERLINE
10
81.578947
20
69.005848
30
0.0
0
VERTEX
8
CENTERLINE
10
81.676413
20
69.005848
30
0.0
0
VERTEX
8
CENTERLINE
10
81.871345
20
68.810916
30
0.0
0
VERTEX
8
CENTERLINE
10
82.066277
20
68.810916
30
0.0
0
VERTEX
8
CENTERLINE
10
82.163743
20
68.713450
30
0.0
0
SEQEND
8
CENTERLINE
0
POLYLINE
8
CENTERLINE
66
1
70
0
0
VERTEX
8
CENTERLINE
10
52.046784
20
57.115010
30
0.0
0
VERTEX
8
CENTERLINE
10
51.949318
20
57.017544
30
0.0
0
VERTEX
8
CENTERLINE
10
51.754386
20
57.017544
30
0.0
0
SEQEND
8
CENTERLINE
0
POLYLINE
8
CENTERLINE
66
1
70
0
0
VERTEX
8
CENTERLINE
10
29.044834
20
41.617934
30
0.0
0
VERTEX
8
CENTERLINE
10
29.142300
20
41.715400
30
0.0
0
VERTEX
8
CENTERLINE
10
29.532164
20
41.715400
30
0.0
0
VERTEX
8
CENTERLINE
10
29.629630
20
41.812865
30
0.0
0
VERTEX
8
CENTERLINE
10
29.727096
20
41.812865
30
0.0
0
VERTEX
8
CENTERLINE
10
29.824561
20
41.910331
30
0.0
0
VERTEX
8
CENTERLINE
10
29.922027
20
41.910331
30
0.0
0
VERTEX
8
CENTERLINE
10
30.019493
20
42.007797
30
0.0
0
VERTEX
8
CENTERLINE
10
30.604288
20
42.007797
30
0.0
0
VERTEX
8
CENTERLINE
10
30.701754
20
42.105263
30
0.0
0
SEQEND
8
CENTERLINE
0
POLYLINE
8
CENTERLINE
66
1
70
0
0
VERTEX
8
CENTERLINE
10
67.251462
20
57.212476
30
0.0
0
VERTEX
8
CENTERLINE
10
67.153996
20
57.309942
30
0.0
0
VERTEX
8
CENTERLINE
10
67.153996
20
57.407407
30
0.0
0
VERTEX
8
CENTERLINE
10
67.056530
20
57.504873
30
0.0
0
SEQEND
8
CENTERLINE
0
POLYLINE
8
CENTERLINE
66
1
70
0
0
VERTEX
8
CENTERLINE
10
21.539961
20
25.536062
30
0.0
0
VERTEX
8
CENTERLINE
10
21.442495
20
25.633528
30
0.0
0
VERTEX
8
CENTERLINE
10
21.345029
20
25.633528
30
0.0
0
VERTEX
8
CENTERLINE
10
21.247563
20
25.730994
30
0.0
0
VERTEX
8
CENTERLINE
10
21.150097
20
25.730994
30
0.0
0
SEQEND
8
CENTERLINE
0
POLYLINE
8
CENTERLINE
66
1
70
0
0
VERTEX
8
CENTERLINE
10
57.699805
20
13.645224
30
0.0
0
VERTEX
8
CENTERLINE
10
57.602339
20
13.547758
30
0.0
0
VERTEX
8
CENTERLINE
10
57.504873
20
13.547758
30
0.0
0
VERTEX
8
CENTERLINE
10
57.407407
20
13.450292
30
0.0
0
VERTEX
8
CENTERLINE
10
57.309942
20
13.450292
30
0.0
0
VERTEX
8
CENTERLINE
10
57.115010
20
13.255361
30
0.0
0
VERTEX
8
CENTERLINE
10
57.017544
20
13.255361
30
0.0
0
SEQEND
8
CENTERLINE
0
POLYLINE
8
CENTERLINE
66
1
70
0
0
VERTEX
8
CENTERLINE
10
67.738791
20
107.992203
30
0.0
0
VERTEX
8
CENTERLINE
10
67.641326
20
107.894737
30
0.0
0
VERTEX
8
CENTERLINE
10
67.543860
20
107.894737
30
0.0
0
VERTEX
8
CENTERLINE
10
67.446394
20
107.797271
30
0.0
0
VERTEX
8
CENTERLINE
10
67.348928
20
107.797271
30
0.0
0
VERTEX
8
CENTERLINE
10
67.251462
20
107.699805
30
0.0
0
VERTEX
8
CENTERLINE
10
67.056530
20
107.699805
30
0.0
0
VERTEX
8
CENTERLINE
10
66.959064
20
107.602339
30
0.0
0
VERTEX
8
CENTERLINE
10
66.666667
20
107.602339
30
0.0
0
SEQEND
8
CENTERLINE
0
POLYLINE
8
CENTERLINE
66
1
70
0
0
VERTEX
8
CENTERLINE
10
71.150097
20
70.370370
30
0.0
0
VERTEX
8
CENTERLINE
10
71.052632
20
70.467836
30
0.0
0
VERTEX
8
CENTERLINE
10
70.857700
20
70.467836
30
0.0
0
VERTEX
8
CENTERLINE
10
70.760234
20
70.565302
30
0.0
0
VERTEX
8
CENTERLINE
10
70.565302
20
70.565302
30
0.0
0
SEQEND
8
CENTERLINE
0
POLYLINE
8
CENTERLINE
66
1
70
0
0
VERTEX
8
CENTERLINE
10
14.035088
20
34.990253
30
0.0
0
VERTEX
8
CENTERLINE
10
14.230019
20
35.185185
30
0.0
0
VERTEX
8
CENTERLINE
10
14.424951
20
35.185185
30
0.0
0
VERTEX
8
CENTERLINE
10
14.522417
20
35.282651
30
0.0
0
VERTEX
8
CENTERLINE
10
14.619883
20
35.282651
30
0.0
0
SEQEND
8
CENTERLINE
0
POLYLINE
8
CENTERLINE
66
1
70
0
0
VERTEX
8
CENTERLINE
10
49.902534
20
44.541910
30
0.0
0
VERTEX
8
CENTERLINE
10
49.902534
20
10.818713
30
0.0
0
VERTEX
8
CENTERLINE
10
50.000000
20
10.721248
30
0.0
0
VERTEX
8
CENTERLINE
10
49.902534
20
9.844055
30
0.0
0
SEQEND
8
CENTERLINE
0
POLYLINE
8
CENTERLINE
66
1
70
0
0
VERTEX
8
CENTERLINE
10
71.247563
20
70.272904
30
0.0
0
VERTEX
8
CENTERLINE
10
71.247563
20
70.077973
30
0.0
0
VERTEX
8
CENTERLINE
10
71.345029
20
69.980507
30
0.0
0
VERTEX
8
CENTERLINE
10
71.345029
20
69.395712
30
0.0
0
SEQEND
8
CENTERLINE
0
POLYLINE
8
CENTERLINE
66
1
70
0
0
VERTEX
8
CENTERLINE
10
71.637427
20
41.130604
30
0.0
0
VERTEX
8
CENTERLINE
10
71.832359
20
41.130604
30
0.0
0
VERTEX
8
CENTERLINE
10
71.929825
20
41.033138
30
0.0
0
VERTEX
8
CENTERLINE
10
72.027290
20
41.033138
30
0.0
0
VERTEX
8
CENTERLINE
10
72.124756
20
40.935673
30
0.0
0
SEQEND
8
CENTERLINE
0
POLYLINE
8
CENTERLINE
66
1
70
0
0
VERTEX
8
CENTERLINE
10
75.828460
20
66.081871
30
0.0
0
VERTEX
8
CENTERLINE
10
75.828460
20
65.789474
30
0.0
0
SEQEND
8
CENTERLINE
0
POLYLINE
8
CENTERLINE
66
1
70
0
0
VERTEX
8
CENTERLINE
10
70.467836
20
21.052632
30
0.0
0
VERTEX
8
CENTERLINE
10
70.565302
20
21.052632
30
0.0
0
VERTEX
8
CENTERLINE
10
70.760234
20
21.247563
30
0.0
0
SEQEND
8
CENTERLINE
0
POLYLINE
8
CENTERLINE
66
1
70
0
0
VERTEX
8
CENTERLINE
10
76.608187
20
69.005848
30
0.0
0
VERTEX
8
CENTERLINE
10
76.608187
20
69.103314
30
0.0
0
VERTEX
8
CENTERLINE
10
76.705653
20
69.200780
30
0.0
0
VERTEX
8
CENTERLINE
10
76.705653
20
69.493177
30
0.0
0
VERTEX
8
CENTERLINE
10
76.803119
20
69.590643
30
0.0
0
VERTEX
8
CENTERLINE
10
76.803119
20
69.785575
30
0.0
0
VERTEX
8
CENTERLINE
10
76.900585
20
69.883041
30
0.0
0
SEQEND
8
CENTERLINE
0
POLYLINE
8
CENTERLINE
66
1
70
0
0
VERTEX
8
CENTERLINE
10
84.405458
20
115.204678
30
0.0
0
VERTEX
8
CENTERLINE
10
84.502924
20
115.302144
30
0.0
0
VERTEX
8
CENTERLINE
10
84.990253
20
115.302144
30
0.0
0
VERTEX
8
CENTERLINE
10
85.087719
20
115.399610
30
0.0
0
SEQEND
8
CENTERLINE
0
POLYLINE
8
CENTERLINE
66
1
70
0
0
VERTEX
8
CENTERLINE
10
20.077973
20
92.592593
30
0.0
0
VERTEX
8
CENTERLINE
10
20.077973
20
92.787524
30
0.0
0
VERTEX
8
CENTERLINE
10
19.980507
20
92.884990
30
0.0
0
VERTEX
8
CENTERLINE
10
19.980507
20
92.982456
30
0.0
0
VERTEX
8
CENTERLINE
10
19.785575
20
93.177388
30
0.0
0
VERTEX
8
CENTERLINE
10
19.785575
20
93.274854
30
0.0
0
VERTEX
8
CENTERLINE
10
19.688109
20
93.372320
30
0.0
0
VERTEX
8
CENTERLINE
10
19.688109
20
93.469786
30
0.0
0
VERTEX
8
CENTERLINE
10
19.395712
20
93.762183
30
0.0
0
VERTEX
8
CENTERLINE
10
18.908382
20
93.762183
30
0.0
0
SEQEND
8
CENTERLINE
0
POLYLINE
8
CENTERLINE
66
1
70
0
0
VERTEX
8
CENTERLINE
10
66.666667
20
18.810916
30
0.0
0
VERTEX
8
CENTERLINE
10
66.569201
20
18.713450
30
0.0
0
VERTEX
8
CENTERLINE
10
66.374269
20
18.713450
30
0.0
0
VERTEX
8
CENTERLINE
10
66.276803
20
18.615984
30
0.0
0
SEQEND
8
CENTERLINE
0
POLYLINE
8
CENTERLINE
66
1
70
0
0
VERTEX
8
CENTERLINE
10
31.481481
20
42.592593
30
0.0
0
VERTEX
8
CENTERLINE
10
31.578947
20
42.690058
30
0.0
0
VERTEX
8
CENTERLINE
10
31.871345
20
42.690058
30
0.0
0
VERTEX
8
CENTERLINE
10
32.066277
20
42.884990
30
0.0
0
VERTEX
8
CENTERLINE
10
32.163743
20
42.884990
30
0.0
0
VERTEX
8
CENTERLINE
10
32.261209
20
42.982456
30
0.0
0
SEQEND
8
CENTERLINE
0
POLYLINE
8
CENTERLINE
66
1
70
0
0
VERTEX
8
CENTERLINE
10
70.662768
20
82.651072
30
0.0
0
VERTEX
8
CENTERLINE
10
70.662768
20
83.040936
30
0.0
0
VERTEX
8
CENTERLINE
10
70.175439
20
83.528265
30
0.0
0
VERTEX
8
CENTERLINE
10
70.077973
20
83.528265
30
0.0
0
VERTEX
8
CENTERLINE
10
69.785575
20
83.820663
30
0.0
0
VERTEX
8
CENTERLINE
10
69.688109
20
83.820663
30
0.0
0
SEQEND
8
CENTERLINE
0
POLYLINE
8
CENTERLINE
66
1
70
0
0
VERTEX
8
CENTERLINE
10
80.799220
20
70.272904
30
0.0
0
VERTEX
8
CENTERLINE
10
81.189084
20
69.883041
30
0.0
0
VERTEX
8
CENTERLINE
10
81.189084
20
69.785575
30
0.0
0
VERTEX
8
CENTERLINE
10
81.286550
20
69.688109
30
0.0
0
VERTEX
8
CENTERLINE
10
81.286550
20
69.590643
30
0.0
0
SEQEND
8
CENTERLINE
0
POLYLINE
8
CENTERLINE
66
1
70
0
0
VERTEX
8
CENTERLINE
10
20.175439
20
26.315789
30
0.0
0
VERTEX
8
CENTERLINE
10
20.272904
20
26.218324
30
0.0
0
VERTEX
8
CENTERLINE
10
20.370370
20
26.218324
30
0.0
0
VERTEX
8
CENTERLINE
10
20.467836
20
26.120858
30
0.0
0
VERTEX
8
CENTERLINE
10
20.565302
20
26.120858
30
0.0
0
VERTEX
8
CENTERLINE
10
20.662768
20
26.023392
30
0.0
0
SEQEND
8
CENTERLINE
0
POLYLINE
8
CENTERLINE
66
1
70
0
0
VERTEX
8
CENTERLINE
10
68.713450
20
88.791423
30
0.0
0
VERTEX
8
CENTERLINE
10
68.713450
20
88.011696
30
0.0
0
VERTEX
8
CENTERLINE
10
68.810916
20
87.914230
30
0.0
0
VERTEX
8
CENTERLINE
10
68.810916
20
87.426901
30
0.0
0
VERTEX
8
CENTERLINE
10
68.908382
20
87.329435
30
0.0
0
VERTEX
8
CENTERLINE
10
68.908382
20
87.231969
30
0.0
0
VERTEX
8
CENTERLINE
10
69.005848
20
87.134503
30
0.0
0
VERTEX
8
CENTERLINE
10
69.005848
20
87.037037
30
0.0
0
VERTEX
8
CENTERLINE
10
69.200780
20
86.842105
30
0.0
0
SEQEND
8
CENTERLINE
0
POLYLINE
8
CENTERLINE
66
1
70
0
0
VERTEX
8
CENTERLINE
10
72.709552
20
110.136452
30
0.0
0
VERTEX
8
CENTERLINE
10
72.612086
20
110.136452
30
0.0
0
VERTEX
8
CENTERLINE
10
72.319688
20
109.844055
30
0.0
0
VERTEX
8
CENTERLINE
10
72.027290
20
109.844055
30
0.0
0
VERTEX
8
CENTERLINE
10
71.929825
20
109.746589
30
0.0
0
VERTEX
8
CENTERLINE
10
71.734893
20
109.746589
30
0.0
0
VERTEX
8
CENTERLINE
10
71.637427
20
109.649123
30
0.0
0
VERTEX
8
CENTERLINE
10
71.539961
20
109.649123
30
0.0
0
VERTEX
8
CENTERLINE
10
71.442495
20
109.551657
30
0.0
0
VERTEX
8
CENTERLINE
10
71.247563
20
109.551657
30
0.0
0
SEQEND
8
CENTERLINE
0
POLYLINE
8
CENTERLINE
66
1
70
0
0
VERTEX
8
CENTERLINE
10
24.074074
20
39.473684
30
0.0
0
VERTEX
8
CENTERLINE
10
23.879142
20
39.278752
30
0.0
0
VERTEX
8
CENTERLINE
10
23.781676
20
39.278752
30
0.0
0
VERTEX
8
CENTERLINE
10
23.684211
20
39.181287
30
0.0
0
VERTEX
8
CENTERLINE
10
23.586745
20
39.181287
30
0.0
0
VERTEX
8
CENTERLINE
10
23.489279
20
39.083821
30
0.0
0
VERTEX
8
CENTERLINE
10
23.294347
20
39.083821
30
0.0
0
VERTEX
8
CENTERLINE
10
23.196881
20
38.986355
30
0.0
0
VERTEX
8
CENTERLINE
10
23.099415
20
38.986355
30
0.0
0
VERTEX
8
CENTERLINE
10
23.001949
20
38.888889
30
0.0
0
VERTEX
8
CENTERLINE
10
22.904483
20
38.888889
30
0.0
0
VERTEX
8
CENTERLINE
10
22.807018
20
38.791423
30
0.0
0
VERTEX
8
CENTERLINE
10
22.709552
20
38.791423
30
0.0
0
VERTEX
8
CENTERLINE
10
22.612086
20
38.693957
30
0.0
0
SEQEND
8
CENTERLINE
0
POLYLINE
8
CENTERLINE
66
1
70
0
0
VERTEX
8
CENTERLINE
10
77.582846
20
70.565302
30
0.0
0
VERTEX
8
CENTERLINE
10
77.680312
20
70.662768
30
0.0
0
VERTEX
8
CENTERLINE
10
77.875244
20
70.662768
30
0.0
0
VERTEX
8
CENTERLINE
10
77.972710
20
70.760234
30
0.0
0
VERTEX
8
CENTERLINE
10
78.460039
20
70.760234
30
0.0
0
VERTEX
8
CENTERLINE
10
78.557505
20
70.857700
30
0.0
0
VERTEX
8
CENTERLINE
10
79.434698
20
70.857700
30
0.0
0
VERTEX
8
CENTERLINE
10
79.532164
20
70.760234
30
0.0
0
VERTEX
8
CENTERLINE
10
80.116959
20
70.760234
30
0.0
0
VERTEX
8
CENTERLINE
10
80.214425
20
70.662768
30
0.0
0
VERTEX
8
CENTERLINE
10
80.311891
20
70.662768
30
0.0
0
VERTEX
8
CENTERLINE
10
80.409357
20
70.565302
30
0.0
0
SEQEND
8
CENTERLINE
0
POLYLINE
8
CENTERLINE
66
1
70
0
0
VERTEX
8
CENTERLINE
10
62.768031
20
15.692008
30
0.0
0
VERTEX
8
CENTERLINE
10
62.670565
20
15.594542
30
0.0
0
VERTEX
8
CENTERLINE
10
62.378168
20
15.594542
30
0.0
0
VERTEX
8
CENTERLINE
10
61.890838
20
16.081871
30
0.0
0
SEQEND
8
CENTERLINE
0
POLYLINE
8
CENTERLINE
66
1
70
0
0
VERTEX
8
CENTERLINE
10
41.130604
20
70.662768
30
0.0
0
VERTEX
8
CENTERLINE
10
40.643275
20
70.662768
30
0.0
0
VERTEX
8
CENTERLINE
10
40.545809
20
70.760234
30
0.0
0
VERTEX
8
CENTERLINE
10
40.253411
20
70.760234
30
0.0
0
VERTEX
8
CENTERLINE
10
40.155945
20
70.662768
30
0.0
0
VERTEX
8
CENTERLINE
10
39.766082
20
70.662768
30
0.0
0
SEQEND
8
CENTERLINE
0
POLYLINE
8
CENTERLINE
66
1
70
0
0
VERTEX
8
CENTERLINE
10
79.239766
20
85.769981
30
0.0
0
VERTEX
8
CENTERLINE
10
79.239766
20
92.300195
30
0.0
0
VERTEX
8
CENTERLINE
10
79.337232
20
92.397661
30
0.0
0
VERTEX
8
CENTERLINE
10
79.337232
20
92.592593
30
0.0
0
VERTEX
8
CENTERLINE
10
79.434698
20
92.690058
30
0.0
0
VERTEX
8
CENTERLINE
10
83.138402
20
92.690058
30
0.0
0
VERTEX
8
CENTERLINE
10
83.235867
20
92.787524
30
0.0
0
VERTEX
8
CENTERLINE
10
83.430799
20
92.787524
30
0.0
0
VERTEX
8
CENTERLINE
10
83.528265
20
92.690058
30
0.0
0
VERTEX
8
CENTERLINE
10
83.723197
20
92.690058
30
0.0
0
VERTEX
8
CENTERLINE
10
83.820663
20
92.787524
30
0.0
0
SEQEND
8
CENTERLINE
0
POLYLINE
8
CENTERLINE
66
1
70
0
0
VERTEX
8
CENTERLINE
10
76.608187
20
68.810916
30
0.0
0
VERTEX
8
CENTERLINE
10
76.608187
20
66.959064
30
0.0
0
SEQEND
8
CENTERLINE
0
POLYLINE
8
CENTERLINE
66
1
70
0
0
VERTEX
8
CENTERLINE
10
87.426901
20
34.210526
30
0.0
0
VERTEX
8
CENTERLINE
10
87.621832
20
34.210526
30
0.0
0
VERTEX
8
CENTERLINE
10
87.719298
20
34.113060
30
0.0
0
VERTEX
8
CENTERLINE
10
88.011696
20
34.113060
30
0.0
0
VERTEX
8
CENTERLINE
10
88.109162
20
34.015595
30
0.0
0
VERTEX
8
CENTERLINE
10
88.304094
20
34.015595
30
0.0
0
SEQEND
8
CENTERLINE
0
POLYLINE
8
CENTERLINE
66
1
70
0
0
VERTEX
8
CENTERLINE
10
84.892788
20
29.337232
30
0.0
0
VERTEX
8
CENTERLINE
10
85.185185
20
29.629630
30
0.0
0
VERTEX
8
CENTERLINE
10
85.282651
20
29.629630
30
0.0
0
VERTEX
8
CENTERLINE
10
85.477583
20
29.824561
30
0.0
0
VERTEX
8
CENTERLINE
10
85.769981
20
29.824561
30
0.0
0
SEQEND
8
CENTERLINE
0
POLYLINE
8
CENTERLINE
66
1
70
0
0
VERTEX
8
CENTERLINE
10
70.857700
20
109.356725
30
0.0
0
VERTEX
8
CENTERLINE
10
70.760234
20
109.356725
30
0.0
0
VERTEX
8
CENTERLINE
10
70.662768
20
109.259259
30
0.0
0
VERTEX
8
CENTERLINE
10
70.467836
20
109.259259
30
0.0
0
VERTEX
8
CENTERLINE
10
70.272904
20
109.064327
30
0.0
0
VERTEX
8
CENTERLINE
10
70.077973
20
109.064327
30
0.0
0
VERTEX
8
CENTERLINE
10
69.883041
20
108.869396
30
0.0
0
VERTEX
8
CENTERLINE
10
69.785575
20
108.869396
30
0.0
0
VERTEX
8
CENTERLINE
10
69.688109
20
108.771930
30
0.0
0
VERTEX
8
CENTERLINE
10
69.493177
20
108.771930
30
0.0
0
VERTEX
8
CENTERLINE
10
69.395712
20
108.674464
30
0.0
0
SEQEND
8
CENTERLINE
0
POLYLINE
8
CENTERLINE
66
1
70
0
0
VERTEX
8
CENTERLINE
10
23.684211
20
24.269006
30
0.0
0
VERTEX
8
CENTERLINE
10
23.879142
20
24.269006
30
0.0
0
VERTEX
8
CENTERLINE
10
24.074074
20
24.074074
30
0.0
0
VERTEX
8
CENTERLINE
10
24.171540
20
24.074074
30
0.0
0
VERTEX
8
CENTERLINE
10
24.366472
20
23.879142
30
0.0
0
SEQEND
8
CENTERLINE
0
POLYLINE
8
CENTERLINE
66
1
70
0
0
VERTEX
8
CENTERLINE
10
79.337232
20
78.849903
30
0.0
0
VERTEX
8
CENTERLINE
10
79.239766
20
78.947368
30
0.0
0
VERTEX
8
CENTERLINE
10
79.239766
20
85.575049
30
0.0
0
SEQEND
8
CENTERLINE
0
POLYLINE
8
CENTERLINE
66
1
70
0
0
VERTEX
8
CENTERLINE
10
45.516569
20
80.019493
30
0.0
0
VERTEX
8
CENTERLINE
10
45.516569
20
80.799220
30
0.0
0
VERTEX
8
CENTERLINE
10
45.614035
20
80.896686
30
0.0
0
VERTEX
8
CENTERLINE
10
45.614035
20
81.189084
30
0.0
0
VERTEX
8
CENTERLINE
10
45.711501
20
81.286550
30
0.0
0
VERTEX
8
CENTERLINE
10
45.711501
20
81.384016
30
0.0
0
SEQEND
8
CENTERLINE
0
POLYLINE
8
CENTERLINE
66
1
70
0
0
VERTEX
8
CENTERLINE
10
15.009747
20
35.477583
30
0.0
0
VERTEX
8
CENTERLINE
10
15.107212
20
35.477583
30
0.0
0
VERTEX
8
CENTERLINE
10
15.204678
20
35.575049
30
0.0
0
VERTEX
8
CENTERLINE
10
15.399610
20
35.575049
30
0.0
0
VERTEX
8
CENTERLINE
10
15.497076
20
35.672515
30
0.0
0
VERTEX
8
CENTERLINE
10
15.692008
20
35.672515
30
0.0
0
VERTEX
8
CENTERLINE
10
15.789474
20
35.769981
30
0.0
0
SEQEND
8
CENTERLINE
0
POLYLINE
8
CENTERLINE
66
1
70
0
0
VERTEX
8
CENTERLINE
10
39.083821
20
45.808967
30
0.0
0
VERTEX
8
CENTERLINE
10
38.888889
20
45.808967
30
0.0
0
VERTEX
8
CENTERLINE
10
38.791423
20
45.711501
30
0.0
0
VERTEX
8
CENTERLINE
10
38.693957
20
45.711501
30
0.0
0
VERTEX
8
CENTERLINE
10
38.596491
20
45.614035
30
0.0
0
VERTEX
8
CENTERLINE
10
38.401559
20
45.614035
30
0.0
0
VERTEX
8
CENTERLINE
10
38.206628
20
45.419103
30
0.0
0
VERTEX
8
CENTERLINE
10
38.011696
20
45.419103
30
0.0
0
SEQEND
8
CENTERLINE
0
POLYLINE
8
CENTERLINE
66
1
70
0
0
VERTEX
8
CENTERLINE
10
66.959064
20
131.773879
30
0.0
0
VERTEX
8
CENTERLINE
10
67.056530
20
131.676413
30
0.0
0
VERTEX
8
CENTERLINE
10
67.153996
20
131.676413
30
0.0
0
VERTEX
8
CENTERLINE
10
67.251462
20
131.578947
30
0.0
0
SEQEND
8
CENTERLINE
0
POLYLINE
8
CENTERLINE
66
1
70
0
0
VERTEX
8
CENTERLINE
10
16.276803
20
90.058480
30
0.0
0
VERTEX
8
CENTERLINE
10
16.276803
20
91.033138
30
0.0
0
VERTEX
8
CENTERLINE
10
16.374269
20
91.130604
30
0.0
0
VERTEX
8
CENTERLINE
10
16.374269
20
91.520468
30
0.0
0
VERTEX
8
CENTERLINE
10
16.569201
20
91.715400
30
0.0
0
SEQEND
8
CENTERLINE
0
POLYLINE
8
CENTERLINE
66
1
70
0
0
VERTEX
8
CENTERLINE
10
49.902534
20
105.360624
30
0.0
0
VERTEX
8
CENTERLINE
10
49.902534
20
138.888889
30
0.0
0
VERTEX
8
CENTERLINE
10
50.000000
20
138.986355
30
0.0
0
VERTEX
8
CENTERLINE
10
49.902534
20
139.181287
30
0.0
0
VERTEX
8
CENTERLINE
10
49.902534
20
139.571150
30
0.0
0
VERTEX
8
CENTERLINE
10
50.000000
20
139.668616
30
0.0
0
VERTEX
8
CENTERLINE
10
49.902534
20
141.130604
30
0.0
0
SEQEND
8
CENTERLINE
0
POLYLINE
8
CENTERLINE
66
1
70
0
0
VERTEX
8
CENTERLINE
10
78.947368
20
25.925926
30
0.0
0
VERTEX
8
CENTERLINE
10
78.752437
20
25.925926
30
0.0
0
VERTEX
8
CENTERLINE
10
78.654971
20
25.828460
30
0.0
0
SEQEND
8
CENTERLINE
0
POLYLINE
8
CENTERLINE
66
1
70
0
0
VERTEX
8
CENTERLINE
10
70.662768
20
56.822612
30
0.0
0
VERTEX
8
CENTERLINE
10
70.565302
20
56.822612
30
0.0
0
VERTEX
8
CENTERLINE
10
70.467836
20
56.725146
30
0.0
0
VERTEX
8
CENTERLINE
10
70.175439
20
56.725146
30
0.0
0
VERTEX
8
CENTERLINE
10
70.077973
20
56.627680
30
0.0
0
VERTEX
8
CENTERLINE
10
69.590643
20
56.627680
30
0.0
0
VERTEX
8
CENTERLINE
10
69.493177
20
56.530214
30
0.0
0
VERTEX
8
CENTERLINE
10
69.200780
20
56.530214
30
0.0
0
VERTEX
8
CENTERLINE
10
69.103314
20
56.627680
30
0.0
0
VERTEX
8
CENTERLINE
10
68.031189
20
56.627680
30
0.0
0
VERTEX
8
CENTERLINE
10
67.933723
20
56.725146
30
0.0
0
SEQEND
8
CENTERLINE
0
POLYLINE
8
CENTERLINE
66
1
70
0
0
VERTEX
8
CENTERLINE
10
88.401559
20
116.861598
30
0.0
0
VERTEX
8
CENTERLINE
10
88.499025
20
116.861598
30
0.0
0
VERTEX
8
CENTERLINE
10
88.693957
20
117.056530
30
0.0
0
VERTEX
8
CENTERLINE
10
88.888889
20
117.056530
30
0.0
0
SEQEND
8
CENTERLINE
0
POLYLINE
8
CENTERLINE
66
1
70
0
0
VERTEX
8
CENTERLINE
10
52.241715
20
69.980507
30
0.0
0
VERTEX
8
CENTERLINE
10
52.436647
20
69.785575
30
0.0
0
VERTEX
8
CENTERLINE
10
52.436647
20
69.688109
30
0.0
0
VERTEX
8
CENTERLINE
10
52.534113
20
69.590643
30
0.0
0
VERTEX
8
CENTERLINE
10
52.534113
20
69.200780
30
0.0
0
VERTEX
8
CENTERLINE
10
52.631579
20
69.103314
30
0.0
0
VERTEX
8
CENTERLINE
10
52.631579
20
69.005848
30
0.0
0
VERTEX
8
CENTERLINE
10
52.729045
20
68.908382
30
0.0
0
VERTEX
8
CENTERLINE
10
52.729045
20
68.713450
30
0.0
0
VERTEX
8
CENTERLINE
10
52.826511
20
68.615984
30
0.0
0
VERTEX
8
CENTERLINE
10
52.826511
20
68.031189
30
0.0
0
SEQEND
8
CENTERLINE
0
POLYLINE
8
CENTERLINE
66
1
70
0
0
VERTEX
8
CENTERLINE
10
79.239766
20
26.218324
30
0.0
0
VERTEX
8
CENTERLINE
10
79.337232
20
26.315789
30
0.0
0
VERTEX
8
CENTERLINE
10
79.532164
20
26.315789
30
0.0
0
SEQEND
8
CENTERLINE
0
POLYLINE
8
CENTERLINE
66
1
70
0
0
VERTEX
8
CENTERLINE
10
24.853801
20
111.013645
30
0.0
0
VERTEX
8
CENTERLINE
10
24.756335
20
111.111111
30
0.0
0
VERTEX
8
CENTERLINE
10
24.658869
20
111.111111
30
0.0
0
VERTEX
8
CENTERLINE
10
24.561404
20
111.208577
30
0.0
0
VERTEX
8
CENTERLINE
10
24.463938
20
111.208577
30
0.0
0
SEQEND
8
CENTERLINE
0
POLYLINE
8
CENTERLINE
66
1
70
0
0
VERTEX
8
CENTERLINE
10
82.358674
20
27.875244
30
0.0
0
VERTEX
8
CENTERLINE
10
82.163743
20
27.680312
30
0.0
0
VERTEX
8
CENTERLINE
10
81.871345
20
27.680312
30
0.0
0
VERTEX
8
CENTERLINE
10
81.773879
20
27.582846
30
0.0
0
VERTEX
8
CENTERLINE
10
81.676413
20
27.582846
30
0.0
0
SEQEND
8
CENTERLINE
0
POLYLINE
8
CENTERLINE
66
1
70
0
0
VERTEX
8
CENTERLINE
10
79.434698
20
124.463938
30
0.0
0
VERTEX
8
CENTERLINE
10
79.532164
20
124.463938
30
0.0
0
VERTEX
8
CENTERLINE
10
79.629630
20
124.366472
30
0.0
0
VERTEX
8
CENTERLINE
10
79.727096
20
124.366472
30
0.0
0
VERTEX
8
CENTERLINE
10
79.824561
20
124.269006
30
0.0
0
VERTEX
8
CENTERLINE
10
79.922027
20
124.269006
30
0.0
0
VERTEX
8
CENTERLINE
10
80.019493
20
124.171540
30
0.0
0
VERTEX
8
CENTERLINE
10
80.116959
20
124.171540
30
0.0
0
VERTEX
8
CENTERLINE
10
80.214425
20
124.074074
30
0.0
0
VERTEX
8
CENTERLINE
10
80.311891
20
124.074074
30
0.0
0
VERTEX
8
CENTERLINE
10
80.409357
20
123.976608
30
0.0
0
SEQEND
8
CENTERLINE
0
POLYLINE
8
CENTERLINE
66
1
70
0
0
VERTEX
8
CENTERLINE
10
63.060429
20
16.569201
30
0.0
0
VERTEX
8
CENTERLINE
10
63.060429
20
16.081871
30
0.0
0
VERTEX
8
CENTERLINE
10
62.962963
20
15.984405
30
0.0
0
SEQEND
8
CENTERLINE
0
POLYLINE
8
CENTERLINE
66
1
70
0
0
VERTEX
8
CENTERLINE
10
66.471735
20
67.738791
30
0.0
0
VERTEX
8
CENTERLINE
10
66.374269
20
67.836257
30
0.0
0
VERTEX
8
CENTERLINE
10
66.374269
20
68.323587
30
0.0
0
VERTEX
8
CENTERLINE
10
66.471735
20
68.421053
30
0.0
0
VERTEX
8
CENTERLINE
10
66.471735
20
68.810916
30
0.0
0
VERTEX
8
CENTERLINE
10
66.569201
20
68.908382
30
0.0
0
VERTEX
8
CENTERLINE
10
66.569201
20
69.493177
30
0.0
0
VERTEX
8
CENTERLINE
10
66.666667
20
69.590643
30
0.0
0
SEQEND
8
CENTERLINE
0
POLYLINE
8
CENTERLINE
66
1
70
0
0
VERTEX
8
CENTERLINE
10
38.888889
20
70.370370
30
0.0
0
VERTEX
8
CENTERLINE
10
38.791423
20
70.370370
30
0.0
0
VERTEX
8
CENTERLINE
10
38.109162
20
69.688109
30
0.0
0
VERTEX
8
CENTERLINE
10
38.109162
20
69.590643
30
0.0
0
VERTEX
8
CENTERLINE
10
38.011696
20
69.493177
30
0.0
0
VERTEX
8
CENTERLINE
10
38.011696
20
69.200780
30
0.0
0
VERTEX
8
CENTERLINE
10
37.914230
20
69.103314
30
0.0
0
VERTEX
8
CENTERLINE
10
37.914230
20
68.615984
30
0.0
0
VERTEX
8
CENTERLINE
10
37.816764
20
68.518519
30
0.0
0
SEQEND
8
CENTERLINE
0
POLYLINE
8
CENTERLINE
66
1
70
0
0
VERTEX
8
CENTERLINE
10
32.163743
20
56.725146
30
0.0
0
VERTEX
8
CENTERLINE
10
32.163743
20
56.530214
30
0.0
0
VERTEX
8
CENTERLINE
10
32.261209
20
56.432749
30
0.0
0
VERTEX
8
CENTERLINE
10
32.261209
20
56.335283
30
0.0
0
SEQEND
8
CENTERLINE
0
POLYLINE
8
CENTERLINE
66
1
70
0
0
VERTEX
8
CENTERLINE
10
68.226121
20
19.688109
30
0.0
0
VERTEX
8
CENTERLINE
10
68.323587
20
19.785575
30
0.0
0
VERTEX
8
CENTERLINE
10
68.421053
20
19.785575
30
0.0
0
VERTEX
8
CENTERLINE
10
68.518519
20
19.883041
30
0.0
0
VERTEX
8
CENTERLINE
10
68.615984
20
19.883041
30
0.0
0
VERTEX
8
CENTERLINE
10
68.810916
20
20.077973
30
0.0
0
VERTEX
8
CENTERLINE
10
69.005848
20
20.077973
30
0.0
0
VERTEX
8
CENTERLINE
10
69.200780
20
20.272904
30
0.0
0
VERTEX
8
CENTERLINE
10
69.395712
20
20.272904
30
0.0
0
SEQEND
8
CENTERLINE
0
POLYLINE
8
CENTERLINE
66
1
70
0
0
VERTEX
8
CENTERLINE
10
56.140351
20
12.670565
30
0.0
0
VERTEX
8
CENTERLINE
10
56.042885
20
12.573099
30
0.0
0
VERTEX
8
CENTERLINE
10
55.945419
20
12.573099
30
0.0
0
VERTEX
8
CENTERLINE
10
55.847953
20
12.475634
30
0.0
0
VERTEX
8
CENTERLINE
10
55.653021
20
12.475634
30
0.0
0
VERTEX
8
CENTERLINE
10
55.555556
20
12.378168
30
0.0
0
VERTEX
8
CENTERLINE
10
55.458090
20
12.378168
30
0.0
0
SEQEND
8
CENTERLINE
0
POLYLINE
8
CENTERLINE
66
1
70
0
0
VERTEX
8
CENTERLINE
10
73.489279
20
127.972710
30
0.0
0
VERTEX
8
CENTERLINE
10
73.391813
20
128.070175
30
0.0
0
VERTEX
8
CENTERLINE
10
73.294347
20
128.070175
30
0.0
0
VERTEX
8
CENTERLINE
10
73.099415
20
128.265107
30
0.0
0
SEQEND
8
CENTERLINE
0
POLYLINE
8
CENTERLINE
66
1
70
0
0
VERTEX
8
CENTERLINE
10
73.684211
20
110.526316
30
0.0
0
VERTEX
8
CENTERLINE
10
73.781676
20
110.526316
30
0.0
0
VERTEX
8
CENTERLINE
10
73.879142
20
110.623782
30
0.0
0
VERTEX
8
CENTERLINE
10
74.074074
20
110.623782
30
0.0
0
VERTEX
8
CENTERLINE
10
74.171540
20
110.721248
30
0.0
0
VERTEX
8
CENTERLINE
10
74.269006
20
110.721248
30
0.0
0
SEQEND
8
CENTERLINE
0
POLYLINE
8
CENTERLINE
66
1
70
0
0
VERTEX
8
CENTERLINE
10
16.374269
20
80.116959
30
0.0
0
VERTEX
8
CENTERLINE
10
16.374269
20
80.214425
30
0.0
0
VERTEX
8
CENTERLINE
10
16.276803
20
80.311891
30
0.0
0
VERTEX
8
CENTERLINE
10
16.276803
20
80.896686
30
0.0
0
VERTEX
8
CENTERLINE
10
16.179337
20
80.994152
30
0.0
0
VERTEX
8
CENTERLINE
10
16.179337
20
81.676413
30
0.0
0
VERTEX
8
CENTERLINE
10
16.081871
20
81.773879
30
0.0
0
VERTEX
8
CENTERLINE
10
16.081871
20
89.571150
30
0.0
0
VERTEX
8
CENTERLINE
10
16.179337
20
89.668616
30
0.0
0
VERTEX
8
CENTERLINE
10
16.179337
20
89.863548
30
0.0
0
SEQEND
8
CENTERLINE
0
POLYLINE
8
CENTERLINE
66
1
70
0
0
VERTEX
8
CENTERLINE
10
52.923977
20
67.446394
30
0.0
0
VERTEX
8
CENTERLINE
10
52.923977
20
67.836257
30
0.0
0
SEQEND
8
CENTERLINE
0
POLYLINE
8
CENTERLINE
66
1
70
0
0
VERTEX
8
CENTERLINE
10
27.777778
20
63.060429
30
0.0
0
VERTEX
8
CENTERLINE
10
27.777778
20
70.467836
30
0.0
0
SEQEND
8
CENTERLINE
0
POLYLINE
8
CENTERLINE
66
1
70
0
0
VERTEX
8
CENTERLINE
10
16.471735
20
80.019493
30
0.0
0
VERTEX
8
CENTERLINE
10
16.666667
20
79.824561
30
0.0
0
VERTEX
8
CENTERLINE
10
16.764133
20
79.824561
30
0.0
0
VERTEX
8
CENTERLINE
10
16.861598
20
79.727096
30
0.0
0
VERTEX
8
CENTERLINE
10
16.861598
20
79.532164
30
0.0
0
VERTEX
8
CENTERLINE
10
16.959064
20
79.434698
30
0.0
0
VERTEX
8
CENTERLINE
10
16.959064
20
79.337232
30
0.0
0
VERTEX
8
CENTERLINE
10
17.056530
20
79.239766
30
0.0
0
SEQEND
8
CENTERLINE
0
POLYLINE
8
CENTERLINE
66
1
70
0
0
VERTEX
8
CENTERLINE
10
50.292398
20
83.625731
30
0.0
0
VERTEX
8
CENTERLINE
10
50.292398
20
82.943470
30
0.0
0
VERTEX
8
CENTERLINE
10
50.389864
20
82.846004
30
0.0
0
VERTEX
8
CENTERLINE
10
50.389864
20
82.651072
30
0.0
0
SEQEND
8
CENTERLINE
0
POLYLINE
8
CENTERLINE
66
1
70
0
0
VERTEX
8
CENTERLINE
10
40.740741
20
14.522417
30
0.0
0
VERTEX
8
CENTERLINE
10
41.033138
20
14.230019
30
0.0
0
SEQEND
8
CENTERLINE
0
POLYLINE
8
CENTERLINE
66
1
70
0
0
VERTEX
8
CENTERLINE
10
27.875244
20
62.962963
30
0.0
0
VERTEX
8
CENTERLINE
10
27.972710
20
62.962963
30
0.0
0
VERTEX
8
CENTERLINE
10
28.070175
20
62.865497
30
0.0
0
VERTEX
8
CENTERLINE
10
31.676413
20
62.865497
30
0.0
0
VERTEX
8
CENTERLINE
10
31.773879
20
62.768031
30
0.0
0
SEQEND
8
CENTERLINE
0
POLYLINE
8
CENTERLINE
66
1
70
0
0
VERTEX
8
CENTERLINE
10
20.760234
20
37.914230
30
0.0
0
VERTEX
8
CENTERLINE
10
20.662768
20
37.816764
30
0.0
0
VERTEX
8
CENTERLINE
10
20.467836
20
37.816764
30
0.0
0
SEQEND
8
CENTERLINE
0
POLYLINE
8
CENTERLINE
66
1
70
0
0
VERTEX
8
CENTERLINE
10
76.998051
20
125.925926
30
0.0
0
VERTEX
8
CENTERLINE
10
77.095517
20
125.828460
30
0.0
0
VERTEX
8
CENTERLINE
10
77.387914
20
125.828460
30
0.0
0
SEQEND
8
CENTERLINE
0
POLYLINE
8
CENTERLINE
66
1
70
0
0
VERTEX
8
CENTERLINE
10
19.980507
20
124.269006
30
0.0
0
VERTEX
8
CENTERLINE
10
19.785575
20
124.269006
30
0.0
0
VERTEX
8
CENTERLINE
10
19.688109
20
124.171540
30
0.0
0
VERTEX
8
CENTERLINE
10
19.493177
20
124.171540
30
0.0
0
VERTEX
8
CENTERLINE
10
19.395712
20
124.074074
30
0.0
0
VERTEX
8
CENTERLINE
10
19.298246
20
124.074074
30
0.0
0
VERTEX
8
CENTERLINE
10
19.200780
20
123.976608
30
0.0
0
SEQEND
8
CENTERLINE
0
POLYLINE
8
CENTERLINE
66
1
70
0
0
VERTEX
8
CENTERLINE
10
61.695906
20
135.087719
30
0.0
0
VERTEX
8
CENTERLINE
10
61.695906
20
135.477583
30
0.0
0
VERTEX
8
CENTERLINE
10
61.500975
20
135.672515
30
0.0
0
VERTEX
8
CENTERLINE
10
61.500975
20
135.769981
30
0.0
0
VERTEX
8
CENTERLINE
10
61.403509
20
135.867446
30
0.0
0
SEQEND
8
CENTERLINE
0
POLYLINE
8
CENTERLINE
66
1
70
0
0
VERTEX
8
CENTERLINE
10
68.128655
20
64.912281
30
0.0
0
VERTEX
8
CENTERLINE
10
68.031189
20
65.009747
30
0.0
0
VERTEX
8
CENTERLINE
10
67.836257
20
65.009747
30
0.0
0
VERTEX
8
CENTERLINE
10
67.738791
20
65.107212
30
0.0
0
SEQEND
8
CENTERLINE
0
POLYLINE
8
CENTERLINE
66
1
70
0
0
VERTEX
8
CENTERLINE
10
75.536062
20
39.571150
30
0.0
0
VERTEX
8
CENTERLINE
10
75.438596
20
39.668616
30
0.0
0
VERTEX
8
CENTERLINE
10
75.146199
20
39.668616
30
0.0
0
SEQEND
8
CENTERLINE
0
POLYLINE
8
CENTERLINE
66
1
70
0
0
VERTEX
8
CENTERLINE
10
76.023392
20
39.278752
30
0.0
0
VERTEX
8
CENTERLINE
10
76.120858
20
39.376218
30
0.0
0
VERTEX
8
CENTERLINE
10
76.218324
20
39.376218
30
0.0
0
VERTEX
8
CENTERLINE
10
76.315789
20
39.278752
30
0.0
0
SEQEND
8
CENTERLINE
0
POLYLINE
8
CENTERLINE
66
1
70
0
0
VERTEX
8
CENTERLINE
10
46.393762
20
86.159844
30
0.0
0
VERTEX
8
CENTERLINE
10
46.393762
20
86.062378
30
0.0
0
VERTEX
8
CENTERLINE
10
46.296296
20
85.964912
30
0.0
0
VERTEX
8
CENTERLINE
10
46.296296
20
85.380117
30
0.0
0
VERTEX
8
CENTERLINE
10
46.198830
20
85.282651
30
0.0
0
VERTEX
8
CENTERLINE
10
46.198830
20
84.210526
30
0.0
0
VERTEX
8
CENTERLINE
10
46.101365
20
84.113060
30
0.0
0
VERTEX
8
CENTERLINE
10
46.101365
20
82.748538
30
0.0
0
VERTEX
8
CENTERLINE
10
46.198830
20
82.651072
30
0.0
0
SEQEND
8
CENTERLINE
0
POLYLINE
8
CENTERLINE
66
1
70
0
0
VERTEX
8
CENTERLINE
10
12.670565
20
121.052632
30
0.0
0
VERTEX
8
CENTERLINE
10
13.255361
20
120.467836
30
0.0
0
SEQEND
8
CENTERLINE
0
POLYLINE
8
CENTERLINE
66
1
70
0
0
VERTEX
8
CENTERLINE
10
81.189084
20
113.840156
30
0.0
0
VERTEX
8
CENTERLINE
10
81.384016
20
114.035088
30
0.0
0
VERTEX
8
CENTERLINE
10
81.481481
20
114.035088
30
0.0
0
VERTEX
8
CENTERLINE
10
81.578947
20
114.132554
30
0.0
0
VERTEX
8
CENTERLINE
10
82.163743
20
114.132554
30
0.0
0
VERTEX
8
CENTERLINE
10
82.261209
20
114.230019
30
0.0
0
VERTEX
8
CENTERLINE
10
82.456140
20
114.230019
30
0.0
0
VERTEX
8
CENTERLINE
10
82.553606
20
114.327485
30
0.0
0
SEQEND
8
CENTERLINE
0
POLYLINE
8
CENTERLINE
66
1
70
0
0
VERTEX
8
CENTERLINE
10
45.126706
20
138.693957
30
0.0
0
VERTEX
8
CENTERLINE
10
45.029240
20
138.596491
30
0.0
0
VERTEX
8
CENTERLINE
10
44.736842
20
138.596491
30
0.0
0
VERTEX
8
CENTERLINE
10
44.639376
20
138.499025
30
0.0
0
VERTEX
8
CENTERLINE
10
44.541910
20
138.499025
30
0.0
0
VERTEX
8
CENTERLINE
10
44.444444
20
138.401559
30
0.0
0
SEQEND
8
CENTERLINE
0
POLYLINE
8
CENTERLINE
66
1
70
0
0
VERTEX
8
CENTERLINE
10
36.354776
20
85.867446
30
0.0
0
VERTEX
8
CENTERLINE
10
36.257310
20
85.964912
30
0.0
0
VERTEX
8
CENTERLINE
10
36.257310
20
92.300195
30
0.0
0
SEQEND
8
CENTERLINE
0
POLYLINE
8
CENTERLINE
66
1
70
0
0
VERTEX
8
CENTERLINE
10
45.711501
20
139.181287
30
0.0
0
VERTEX
8
CENTERLINE
10
45.516569
20
138.986355
30
0.0
0
VERTEX
8
CENTERLINE
10
45.419103
20
138.986355
30
0.0
0
VERTEX
8
CENTERLINE
10
45.224172
20
138.791423
30
0.0
0
SEQEND
8
CENTERLINE
0
POLYLINE
8
CENTERLINE
66
1
70
0
0
VERTEX
8
CENTERLINE
10
43.469786
20
69.785575
30
0.0
0
VERTEX
8
CENTERLINE
10
43.469786
20
70.272904
30
0.0
0
SEQEND
8
CENTERLINE
0
POLYLINE
8
CENTERLINE
66
1
70
0
0
VERTEX
8
CENTERLINE
10
39.473684
20
15.204678
30
0.0
0
VERTEX
8
CENTERLINE
10
39.571150
20
15.107212
30
0.0
0
VERTEX
8
CENTERLINE
10
39.668616
20
15.107212
30
0.0
0
VERTEX
8
CENTERLINE
10
39.766082
20
15.009747
30
0.0
0
SEQEND
8
CENTERLINE
0
POLYLINE
8
CENTERLINE
66
1
70
0
0
VERTEX
8
CENTERLINE
10
49.512671
20
88.791423
30
0.0
0
VERTEX
8
CENTERLINE
10
49.512671
20
89.766082
30
0.0
0
VERTEX
8
CENTERLINE
10
49.415205
20
89.863548
30
0.0
0
SEQEND
8
CENTERLINE
0
POLYLINE
8
CENTERLINE
66
1
70
0
0
VERTEX
8
CENTERLINE
10
20.955166
20
38.011696
30
0.0
0
VERTEX
8
CENTERLINE
10
21.052632
20
38.109162
30
0.0
0
VERTEX
8
CENTERLINE
10
21.052632
20
38.206628
30
0.0
0
VERTEX
8
CENTERLINE
10
21.150097
20
38.304094
30
0.0
0
VERTEX
8
CENTERLINE
10
21.247563
20
38.304094
30
0.0
0
VERTEX
8
CENTERLINE
10
21.345029
20
38.401559
30
0.0
0
VERTEX
8
CENTERLINE
10
21.539961
20
38.401559
30
0.0
0
VERTEX
8
CENTERLINE
10
21.637427
20
38.499025
30
0.0
0
VERTEX
8
CENTERLINE
10
22.027290
20
38.499025
30
0.0
0
VERTEX
8
CENTERLINE
10
22.124756
20
38.596491
30
0.0
0
VERTEX
8
CENTERLINE
10
22.417154
20
38.596491
30
0.0
0
SEQEND
8
CENTERLINE
0
POLYLINE
8
CENTERLINE
66
1
70
0
0
VERTEX
8
CENTERLINE
10
82.358674
20
85.769981
30
0.0
0
VERTEX
8
CENTERLINE
10
82.261209
20
85.769981
30
0.0
0
VERTEX
8
CENTERLINE
10
82.163743
20
85.672515
30
0.0
0
VERTEX
8
CENTERLINE
10
79.337232
20
85.672515
30
0.0
0
SEQEND
8
CENTERLINE
0
POLYLINE
8
CENTERLINE
66
1
70
0
0
VERTEX
8
CENTERLINE
10
69.395712
20
42.105263
30
0.0
0
VERTEX
8
CENTERLINE
10
69.298246
20
42.202729
30
0.0
0
VERTEX
8
CENTERLINE
10
69.005848
20
42.202729
30
0.0
0
VERTEX
8
CENTERLINE
10
68.908382
20
42.300195
30
0.0
0
VERTEX
8
CENTERLINE
10
68.810916
20
42.300195
30
0.0
0
VERTEX
8
CENTERLINE
10
68.713450
20
42.397661
30
0.0
0
SEQEND
8
CENTERLINE
0
POLYLINE
8
CENTERLINE
66
1
70
0
0
VERTEX
8
CENTERLINE
10
20.175439
20
124.366472
30
0.0
0
VERTEX
8
CENTERLINE
10
20.272904
20
124.463938
30
0.0
0
VERTEX
8
CENTERLINE
10
20.370370
20
124.463938
30
0.0
0
VERTEX
8
CENTERLINE
10
20.467836
20
124.561404
30
0.0
0
SEQEND
8
CENTERLINE
0
POLYLINE
8
CENTERLINE
66
1
70
0
0
VERTEX
8
CENTERLINE
10
65.107212
20
106.822612
30
0.0
0
VERTEX
8
CENTERLINE
10
65.204678
20
106.920078
30
0.0
0
VERTEX
8
CENTERLINE
10
65.692008
20
106.920078
30
0.0
0
SEQEND
8
CENTERLINE
0
POLYLINE
8
CENTERLINE
66
1
70
0
0
VERTEX
8
CENTERLINE
10
42.787524
20
69.103314
30
0.0
0
VERTEX
8
CENTERLINE
10
42.300195
20
69.103314
30
0.0
0
VERTEX
8
CENTERLINE
10
42.105263
20
69.298246
30
0.0
0
VERTEX
8
CENTERLINE
10
42.007797
20
69.298246
30
0.0
0
VERTEX
8
CENTERLINE
10
41.910331
20
69.395712
30
0.0
0
VERTEX
8
CENTERLINE
10
41.715400
20
69.395712
30
0.0
0
VERTEX
8
CENTERLINE
10
41.617934
20
69.493177
30
0.0
0
VERTEX
8
CENTERLINE
10
41.617934
20
69.590643
30
0.0
0
VERTEX
8
CENTERLINE
10
41.520468
20
69.688109
30
0.0
0
VERTEX
8
CENTERLINE
10
41.520468
20
69.785575
30
0.0
0
VERTEX
8
CENTERLINE
10
41.423002
20
69.883041
30
0.0
0
VERTEX
8
CENTERLINE
10
41.423002
20
69.980507
30
0.0
0
VERTEX
8
CENTERLINE
10
41.228070
20
70.175439
30
0.0
0
VERTEX
8
CENTERLINE
10
41.228070
20
70.565302
30
0.0
0
SEQEND
8
CENTERLINE
0
POLYLINE
8
CENTERLINE
66
1
70
0
0
VERTEX
8
CENTERLINE
10
26.120858
20
92.690058
30
0.0
0
VERTEX
8
CENTERLINE
10
27.582846
20
92.690058
30
0.0
0
VERTEX
8
CENTERLINE
10
27.680312
20
92.592593
30
0.0
0
VERTEX
8
CENTERLINE
10
28.654971
20
92.592593
30
0.0
0
VERTEX
8
CENTERLINE
10
28.752437
20
92.495127
30
0.0
0
VERTEX
8
CENTERLINE
10
29.629630
20
92.495127
30
0.0
0
VERTEX
8
CENTERLINE
10
29.727096
20
92.397661
30
0.0
0
VERTEX
8
CENTERLINE
10
29.922027
20
92.397661
30
0.0
0
VERTEX
8
CENTERLINE
10
30.019493
20
92.300195
30
0.0
0
VERTEX
8
CENTERLINE
10
30.116959
20
92.300195
30
0.0
0
SEQEND
8
CENTERLINE
0
POLYLINE
8
CENTERLINE
66
1
70
0
0
VERTEX
8
CENTERLINE
10
57.602339
20
56.920078
30
0.0
0
VERTEX
8
CENTERLINE
10
57.504873
20
57.017544
30
0.0
0
VERTEX
8
CENTERLINE
10
57.504873
20
63.645224
30
0.0
0
SEQEND
8
CENTERLINE
0
POLYLINE
8
CENTERLINE
66
1
70
0
0
VERTEX
8
CENTERLINE
10
89.473684
20
117.446394
30
0.0
0
VERTEX
8
CENTERLINE
10
89.181287
20
117.153996
30
0.0
0
VERTEX
8
CENTERLINE
10
89.083821
20
117.153996
30
0.0
0
SEQEND
8
CENTERLINE
0
POLYLINE
8
CENTERLINE
66
1
70
0
0
VERTEX
8
CENTERLINE
10
52.729045
20
138.986355
30
0.0
0
VERTEX
8
CENTERLINE
10
52.826511
20
138.888889
30
0.0
0
VERTEX
8
CENTERLINE
10
53.021442
20
138.888889
30
0.0
0
SEQEND
8
CENTERLINE
0
POLYLINE
8
CENTERLINE
66
1
70
0
0
VERTEX
8
CENTERLINE
10
51.461988
20
56.822612
30
0.0
0
VERTEX
8
CENTERLINE
10
51.364522
20
56.822612
30
0.0
0
VERTEX
8
CENTERLINE
10
51.267057
20
56.725146
30
0.0
0
VERTEX
8
CENTERLINE
10
50.682261
20
56.725146
30
0.0
0
VERTEX
8
CENTERLINE
10
50.584795
20
56.627680
30
0.0
0
VERTEX
8
CENTERLINE
10
49.415205
20
56.627680
30
0.0
0
VERTEX
8
CENTERLINE
10
49.317739
20
56.725146
30
0.0
0
VERTEX
8
CENTERLINE
10
49.122807
20
56.725146
30
0.0
0
VERTEX
8
CENTERLINE
10
49.025341
20
56.822612
30
0.0
0
VERTEX
8
CENTERLINE
10
48.830409
20
56.822612
30
0.0
0
VERTEX
8
CENTERLINE
10
48.635478
20
57.017544
30
0.0
0
VERTEX
8
CENTERLINE
10
48.635478
20
57.115010
30
0.0
0
VERTEX
8
CENTERLINE
10
48.343080
20
57.407407
30
0.0
0
VERTEX
8
CENTERLINE
10
48.343080
20
57.504873
30
0.0
0
VERTEX
8
CENTERLINE
10
48.245614
20
57.602339
30
0.0
0
SEQEND
8
CENTERLINE
0
POLYLINE
8
CENTERLINE
66
1
70
0
0
VERTEX
8
CENTERLINE
10
11.208577
20
31.481481
30
0.0
0
VERTEX
8
CENTERLINE
10
11.306043
20
31.384016
30
0.0
0
VERTEX
8
CENTERLINE
10
11.500975
20
31.384016
30
0.0
0
VERTEX
8
CENTERLINE
10
11.598441
20
31.286550
30
0.0
0
VERTEX
8
CENTERLINE
10
11.695906
20
31.286550
30
0.0
0
SEQEND
8
CENTERLINE
0
POLYLINE
8
CENTERLINE
66
1
70
0
0
VERTEX
8
CENTERLINE
10
82.651072
20
122.514620
30
0.0
0
VERTEX
8
CENTERLINE
10
82.553606
20
122.514620
30
0.0
0
VERTEX
8
CENTERLINE
10
82.456140
20
122.612086
30
0.0
0
VERTEX
8
CENTERLINE
10
82.358674
20
122.612086
30
0.0
0
VERTEX
8
CENTERLINE
10
82.261209
20
122.709552
30
0.0
0
VERTEX
8
CENTERLINE
10
82.261209
20
122.904483
30
0.0
0
VERTEX
8
CENTERLINE
10
82.163743
20
123.001949
30
0.0
0
SEQEND
8
CENTERLINE
0
POLYLINE
8
CENTERLINE
66
1
70
0
0
VERTEX
8
CENTERLINE
10
19.590643
20
26.608187
30
0.0
0
VERTEX
8
CENTERLINE
10
19.688109
20
26.510721
30
0.0
0
VERTEX
8
CENTERLINE
10
19.883041
20
26.510721
30
0.0
0
VERTEX
8
CENTERLINE
10
19.980507
20
26.413255
30
0.0
0
SEQEND
8
CENTERLINE
0
POLYLINE
8
CENTERLINE
66
1
70
0
0
VERTEX
8
CENTERLINE
10
34.990253
20
17.836257
30
0.0
0
VERTEX
8
CENTERLINE
10
34.697856
20
18.128655
30
0.0
0
VERTEX
8
CENTERLINE
10
34.405458
20
18.128655
30
0.0
0
VERTEX
8
CENTERLINE
10
34.307992
20
18.226121
30
0.0
0
VERTEX
8
CENTERLINE
10
34.113060
20
18.226121
30
0.0
0
VERTEX
8
CENTERLINE
10
34.015595
20
18.323587
30
0.0
0
SEQEND
8
CENTERLINE
0
POLYLINE
8
CENTERLINE
66
1
70
0
0
VERTEX
8
CENTERLINE
10
74.463938
20
23.391813
30
0.0
0
VERTEX
8
CENTERLINE
10
74.561404
20
23.391813
30
0.0
0
VERTEX
8
CENTERLINE
10
74.658869
20
23.489279
30
0.0
0
VERTEX
8
CENTERLINE
10
74.853801
20
23.489279
30
0.0
0
VERTEX
8
CENTERLINE
10
75.048733
20
23.684211
30
0.0
0
VERTEX
8
CENTERLINE
10
75.146199
20
23.684211
30
0.0
0
SEQEND
8
CENTERLINE
0
POLYLINE
8
CENTERLINE
66
1
70
0
0
VERTEX
8
CENTERLINE
10
70.370370
20
70.662768
30
0.0
0
VERTEX
8
CENTERLINE
10
70.272904
20
70.662768
30
0.0
0
VERTEX
8
CENTERLINE
10
70.175439
20
70.760234
30
0.0
0
VERTEX
8
CENTERLINE
10
69.688109
20
70.760234
30
0.0
0
VERTEX
8
CENTERLINE
10
69.590643
20
70.857700
30
0.0
0
VERTEX
8
CENTERLINE
10
68.713450
20
70.857700
30
0.0
0
VERTEX
8
CENTERLINE
10
68.615984
20
70.760234
30
0.0
0
VERTEX
8
CENTERLINE
10
67.933723
20
70.760234
30
0.0
0
VERTEX
8
CENTERLINE
10
67.836257
20
70.662768
30
0.0
0
VERTEX
8
CENTERLINE
10
67.738791
20
70.662768
30
0.0
0
VERTEX
8
CENTERLINE
10
67.641326
20
70.565302
30
0.0
0
SEQEND
8
CENTERLINE
0
POLYLINE
8
CENTERLINE
66
1
70
0
0
VERTEX
8
CENTERLINE
10
49.805068
20
141.228070
30
0.0
0
VERTEX
8
CENTERLINE
10
49.707602
20
141.130604
30
0.0
0
VERTEX
8
CENTERLINE
10
49.512671
20
141.130604
30
0.0
0
VERTEX
8
CENTERLINE
10
49.415205
20
141.033138
30
0.0
0
VERTEX
8
CENTERLINE
10
48.927875
20
141.033138
30
0.0
0
VERTEX
8
CENTERLINE
10
48.830409
20
140.935673
30
0.0
0
VERTEX
8
CENTERLINE
10
48.732943
20
140.935673
30
0.0
0
VERTEX
8
CENTERLINE
10
48.635478
20
140.838207
30
0.0
0
SEQEND
8
CENTERLINE
0
POLYLINE
8
CENTERLINE
66
1
70
0
0
VERTEX
8
CENTERLINE
10
73.391813
20
110.428850
30
0.0
0
VERTEX
8
CENTERLINE
10
73.294347
20
110.526316
30
0.0
0
VERTEX
8
CENTERLINE
10
73.001949
20
110.526316
30
0.0
0
VERTEX
8
CENTERLINE
10
72.807018
20
110.331384
30
0.0
0
VERTEX
8
CENTERLINE
10
72.807018
20
110.233918
30
0.0
0
SEQEND
8
CENTERLINE
0
POLYLINE
8
CENTERLINE
66
1
70
0
0
VERTEX
8
CENTERLINE
10
84.795322
20
29.239766
30
0.0
0
VERTEX
8
CENTERLINE
10
84.600390
20
29.044834
30
0.0
0
VERTEX
8
CENTERLINE
10
84.502924
20
29.044834
30
0.0
0
SEQEND
8
CENTERLINE
0
POLYLINE
8
CENTERLINE
66
1
70
0
0
VERTEX
8
CENTERLINE
10
16.666667
20
78.752437
30
0.0
0
VERTEX
8
CENTERLINE
10
16.179337
20
78.752437
30
0.0
0
VERTEX
8
CENTERLINE
10
16.081871
20
78.849903
30
0.0
0
SEQEND
8
CENTERLINE
0
POLYLINE
8
CENTERLINE
66
1
70
0
0
VERTEX
8
CENTERLINE
10
11.403509
20
119.395712
30
0.0
0
VERTEX
8
CENTERLINE
10
11.208577
20
119.200780
30
0.0
0
VERTEX
8
CENTERLINE
10
11.111111
20
119.200780
30
0.0
0
SEQEND
8
CENTERLINE
0
POLYLINE
8
CENTERLINE
66
1
70
0
0
VERTEX
8
CENTERLINE
10
69.980507
20
81.871345
30
0.0
0
VERTEX
8
CENTERLINE
10
69.980507
20
81.676413
30
0.0
0
VERTEX
8
CENTERLINE
10
70.077973
20
81.578947
30
0.0
0
VERTEX
8
CENTERLINE
10
70.077973
20
81.481481
30
0.0
0
VERTEX
8
CENTERLINE
10
70.175439
20
81.384016
30
0.0
0
VERTEX
8
CENTERLINE
10
70.175439
20
80.799220
30
0.0
0
VERTEX
8
CENTERLINE
10
70.272904
20
80.701754
30
0.0
0
VERTEX
8
CENTERLINE
10
70.272904
20
80.409357
30
0.0
0
SEQEND
8
CENTERLINE
0
POLYLINE
8
CENTERLINE
66
1
70
0
0
VERTEX
8
CENTERLINE
10
90.838207
20
33.138402
30
0.0
0
VERTEX
8
CENTERLINE
10
91.033138
20
116.081871
30
0.0
0
VERTEX
8
CENTERLINE
10
90.838207
20
117.641326
30
0.0
0
SEQEND
8
CENTERLINE
0
POLYLINE
8
CENTERLINE
66
1
70
0
0
VERTEX
8
CENTERLINE
10
68.810916
20
88.888889
30
0.0
0
VERTEX
8
CENTERLINE
10
69.005848
20
88.888889
30
0.0
0
VERTEX
8
CENTERLINE
10
69.200780
20
88.693957
30
0.0
0
VERTEX
8
CENTERLINE
10
69.298246
20
88.693957
30
0.0
0
VERTEX
8
CENTERLINE
10
69.785575
20
88.206628
30
0.0
0
SEQEND
8
CENTERLINE
0
POLYLINE
8
CENTERLINE
66
1
70
0
0
VERTEX
8
CENTERLINE
10
41.325536
20
70.662768
30
0.0
0
VERTEX
8
CENTERLINE
10
41.423002
20
70.662768
30
0.0
0
VERTEX
8
CENTERLINE
10
41.520468
20
70.565302
30
0.0
0
VERTEX
8
CENTERLINE
10
42.007797
20
70.565302
30
0.0
0
VERTEX
8
CENTERLINE
10
42.202729
20
70.370370
30
0.0
0
VERTEX
8
CENTERLINE
10
42.397661
20
70.370370
30
0.0
0
SEQEND
8
CENTERLINE
0
POLYLINE
8
CENTERLINE
66
1
70
0
0
VERTEX
8
CENTERLINE
10
63.060429
20
134.210526
30
0.0
0
VERTEX
8
CENTERLINE
10
63.060429
20
134.795322
30
0.0
0
VERTEX
8
CENTERLINE
10
62.962963
20
134.892788
30
0.0
0
VERTEX
8
CENTERLINE
10
62.962963
20
134.990253
30
0.0
0
SEQEND
8
CENTERLINE
0
POLYLINE
8
CENTERLINE
66
1
70
0
0
VERTEX
8
CENTERLINE
10
14.912281
20
29.532164
30
0.0
0
VERTEX
8
CENTERLINE
10
14.814815
20
29.629630
30
0.0
0
VERTEX
8
CENTERLINE
10
14.717349
20
29.629630
30
0.0
0
VERTEX
8
CENTERLINE
10
14.619883
20
29.727096
30
0.0
0
VERTEX
8
CENTERLINE
10
14.424951
20
29.727096
30
0.0
0
VERTEX
8
CENTERLINE
10
14.327485
20
29.824561
30
0.0
0
VERTEX
8
CENTERLINE
10
14.035088
20
29.824561
30
0.0
0
SEQEND
8
CENTERLINE
0
POLYLINE
8
CENTERLINE
66
1
70
0
0
VERTEX
8
CENTERLINE
10
10.916179
20
119.103314
30
0.0
0
VERTEX
8
CENTERLINE
10
10.721248
20
119.103314
30
0.0
0
VERTEX
8
CENTERLINE
10
10.623782
20
119.005848
30
0.0
0
SEQEND
8
CENTERLINE
0
POLYLINE
8
CENTERLINE
66
1
70
0
0
VERTEX
8
CENTERLINE
10
37.719298
20
16.179337
30
0.0
0
VERTEX
8
CENTERLINE
10
37.621832
20
16.179337
30
0.0
0
VERTEX
8
CENTERLINE
10
37.329435
20
16.471735
30
0.0
0
VERTEX
8
CENTERLINE
10
37.134503
20
16.471735
30
0.0
0
VERTEX
8
CENTERLINE
10
36.842105
20
16.764133
30
0.0
0
VERTEX
8
CENTERLINE
10
36.744639
20
16.764133
30
0.0
0
VERTEX
8
CENTERLINE
10
36.647173
20
16.861598
30
0.0
0
VERTEX
8
CENTERLINE
10
36.549708
20
16.861598
30
0.0
0
SEQEND
8
CENTERLINE
0
POLYLINE
8
CENTERLINE
66
1
70
0
0
VERTEX
8
CENTERLINE
10
42.202729
20
57.407407
30
0.0
0
VERTEX
8
CENTERLINE
10
41.910331
20
57.115010
30
0.0
0
SEQEND
8
CENTERLINE
0
POLYLINE
8
CENTERLINE
66
1
70
0
0
VERTEX
8
CENTERLINE
10
60.526316
20
15.302144
30
0.0
0
VERTEX
8
CENTERLINE
10
60.623782
20
15.399610
30
0.0
0
VERTEX
8
CENTERLINE
10
60.721248
20
15.399610
30
0.0
0
VERTEX
8
CENTERLINE
10
60.818713
20
15.497076
30
0.0
0
VERTEX
8
CENTERLINE
10
60.916179
20
15.497076
30
0.0
0
VERTEX
8
CENTERLINE
10
61.013645
20
15.594542
30
0.0
0
VERTEX
8
CENTERLINE
10
61.111111
20
15.594542
30
0.0
0
VERTEX
8
CENTERLINE
10
61.208577
20
15.692008
30
0.0
0
SEQEND
8
CENTERLINE
0
POLYLINE
8
CENTERLINE
66
1
70
0
0
VERTEX
8
CENTERLINE
10
82.066277
20
36.647173
30
0.0
0
VERTEX
8
CENTERLINE
10
81.871345
20
36.842105
30
0.0
0
VERTEX
8
CENTERLINE
10
81.676413
20
36.842105
30
0.0
0
VERTEX
8
CENTERLINE
10
81.578947
20
36.939571
30
0.0
0
VERTEX
8
CENTERLINE
10
81.384016
20
36.939571
30
0.0
0
VERTEX
8
CENTERLINE
10
81.286550
20
37.037037
30
0.0
0
VERTEX
8
CENTERLINE
10
81.189084
20
37.037037
30
0.0
0
VERTEX
8
CENTERLINE
10
81.091618
20
37.134503
30
0.0
0
VERTEX
8
CENTERLINE
10
80.994152
20
37.134503
30
0.0
0
VERTEX
8
CENTERLINE
10
80.896686
20
37.231969
30
0.0
0
VERTEX
8
CENTERLINE
10
80.799220
20
37.231969
30
0.0
0
SEQEND
8
CENTERLINE
0
POLYLINE
8
CENTERLINE
66
1
70
0
0
VERTEX
8
CENTERLINE
10
73.294347
20
85.672515
30
0.0
0
VERTEX
8
CENTERLINE
10
73.294347
20
86.452242
30
0.0
0
VERTEX
8
CENTERLINE
10
73.391813
20
86.549708
30
0.0
0
VERTEX
8
CENTERLINE
10
73.391813
20
87.524366
30
0.0
0
VERTEX
8
CENTERLINE
10
73.489279
20
87.621832
30
0.0
0
VERTEX
8
CENTERLINE
10
73.489279
20
87.816764
30
0.0
0
VERTEX
8
CENTERLINE
10
73.586745
20
87.914230
30
0.0
0
VERTEX
8
CENTERLINE
10
73.586745
20
88.011696
30
0.0
0
VERTEX
8
CENTERLINE
10
73.684211
20
88.109162
30
0.0
0
VERTEX
8
CENTERLINE
10
73.684211
20
88.401559
30
0.0
0
VERTEX
8
CENTERLINE
10
73.781676
20
88.499025
30
0.0
0
VERTEX
8
CENTERLINE
10
73.781676
20
88.791423
30
0.0
0
VERTEX
8
CENTERLINE
10
73.879142
20
88.888889
30
0.0
0
VERTEX
8
CENTERLINE
10
73.879142
20
89.278752
30
0.0
0
VERTEX
8
CENTERLINE
10
73.976608
20
89.376218
30
0.0
0
VERTEX
8
CENTERLINE
10
73.976608
20
90.643275
30
0.0
0
VERTEX
8
CENTERLINE
10
74.074074
20
90.740741
30
0.0
0
VERTEX
8
CENTERLINE
10
74.074074
20
91.130604
30
0.0
0
VERTEX
8
CENTERLINE
10
74.171540
20
91.228070
30
0.0
0
VERTEX
8
CENTERLINE
10
74.171540
20
91.910331
30
0.0
0
VERTEX
8
CENTERLINE
10
74.269006
20
92.007797
30
0.0
0
VERTEX
8
CENTERLINE
10
74.269006
20
92.105263
30
0.0
0
VERTEX
8
CENTERLINE
10
74.366472
20
92.202729
30
0.0
0
VERTEX
8
CENTERLINE
10
74.366472
20
92.787524
30
0.0
0
VERTEX
8
CENTERLINE
10
74.561404
20
92.982456
30
0.0
0
VERTEX
8
CENTERLINE
10
74.658869
20
92.982456
30
0.0
0
SEQEND
8
CENTERLINE
0
POLYLINE
8
CENTERLINE
66
1
70
0
0
VERTEX
8
CENTERLINE
10
89.278752
20
33.528265
30
0.0
0
VERTEX
8
CENTERLINE
10
89.376218
20
33.430799
30
0.0
0
VERTEX
8
CENTERLINE
10
89.571150
20
33.430799
30
0.0
0
VERTEX
8
CENTERLINE
10
90.155945
20
32.846004
30
0.0
0
SEQEND
8
CENTERLINE
0
POLYLINE
8
CENTERLINE
66
1
70
0
0
VERTEX
8
CENTERLINE
10
59.551657
20
136.062378
30
0.0
0
VERTEX
8
CENTERLINE
10
59.454191
20
136.062378
30
0.0
0
VERTEX
8
CENTERLINE
10
59.356725
20
136.159844
30
0.0
0
VERTEX
8
CENTERLINE
10
59.259259
20
136.159844
30
0.0
0
SEQEND
8
CENTERLINE
0
POLYLINE
8
CENTERLINE
66
1
70
0
0
VERTEX
8
CENTERLINE
10
11.598441
20
119.493177
30
0.0
0
VERTEX
8
CENTERLINE
10
11.695906
20
119.590643
30
0.0
0
VERTEX
8
CENTERLINE
10
11.890838
20
119.590643
30
0.0
0
VERTEX
8
CENTERLINE
10
11.988304
20
119.688109
30
0.0
0
SEQEND
8
CENTERLINE
0
POLYLINE
8
CENTERLINE
66
1
70
0
0
VERTEX
8
CENTERLINE
10
27.485380
20
109.941520
30
0.0
0
VERTEX
8
CENTERLINE
10
27.582846
20
109.941520
30
0.0
0
VERTEX
8
CENTERLINE
10
27.777778
20
109.746589
30
0.0
0
VERTEX
8
CENTERLINE
10
28.265107
20
109.746589
30
0.0
0
VERTEX
8
CENTERLINE
10
28.362573
20
109.649123
30
0.0
0
VERTEX
8
CENTERLINE
10
28.557505
20
109.649123
30
0.0
0
VERTEX
8
CENTERLINE
10
28.654971
20
109.551657
30
0.0
0
SEQEND
8
CENTERLINE
0
POLYLINE
8
CENTERLINE
66
1
70
0
0
VERTEX
8
CENTERLINE
10
83.723197
20
35.964912
30
0.0
0
VERTEX
8
CENTERLINE
10
83.820663
20
35.867446
30
0.0
0
VERTEX
8
CENTERLINE
10
83.918129
20
35.867446
30
0.0
0
VERTEX
8
CENTERLINE
10
84.015595
20
35.769981
30
0.0
0
VERTEX
8
CENTERLINE
10
84.113060
20
35.769981
30
0.0
0
SEQEND
8
CENTERLINE
0
POLYLINE
8
CENTERLINE
66
1
70
0
0
VERTEX
8
CENTERLINE
10
66.276803
20
107.309942
30
0.0
0
VERTEX
8
CENTERLINE
10
66.179337
20
107.212476
30
0.0
0
VERTEX
8
CENTERLINE
10
65.984405
20
107.212476
30
0.0
0
VERTEX
8
CENTERLINE
10
65.886940
20
107.115010
30
0.0
0
SEQEND
8
CENTERLINE
0
POLYLINE
8
CENTERLINE
66
1
70
0
0
VERTEX
8
CENTERLINE
10
32.943470
20
57.504873
30
0.0
0
VERTEX
8
CENTERLINE
10
33.040936
20
57.407407
30
0.0
0
VERTEX
8
CENTERLINE
10
33.138402
20
57.407407
30
0.0
0
VERTEX
8
CENTERLINE
10
33.235867
20
57.309942
30
0.0
0
VERTEX
8
CENTERLINE
10
33.235867
20
57.017544
30
0.0
0
VERTEX
8
CENTERLINE
10
33.333333
20
56.920078
30
0.0
0
VERTEX
8
CENTERLINE
10
33.333333
20
56.432749
30
0.0
0
SEQEND
8
CENTERLINE
0
POLYLINE
8
CENTERLINE
66
1
70
0
0
VERTEX
8
CENTERLINE
10
20.857700
20
79.727096
30
0.0
0
VERTEX
8
CENTERLINE
10
21.052632
20
79.922027
30
0.0
0
VERTEX
8
CENTERLINE
10
21.052632
20
80.019493
30
0.0
0
VERTEX
8
CENTERLINE
10
21.150097
20
80.116959
30
0.0
0
VERTEX
8
CENTERLINE
10
21.150097
20
80.506823
30
0.0
0
VERTEX
8
CENTERLINE
10
21.247563
20
80.604288
30
0.0
0
VERTEX
8
CENTERLINE
10
21.247563
20
81.871345
30
0.0
0
VERTEX
8
CENTERLINE
10
21.345029
20
81.968811
30
0.0
0
VERTEX
8
CENTERLINE
10
21.345029
20
82.163743
30
0.0
0
SEQEND
8
CENTERLINE
0
POLYLINE
8
CENTERLINE
66
1
70
0
0
VERTEX
8
CENTERLINE
10
63.547758
20
18.031189
30
0.0
0
VERTEX
8
CENTERLINE
10
63.645224
20
18.128655
30
0.0
0
VERTEX
8
CENTERLINE
10
63.840156
20
18.128655
30
0.0
0
VERTEX
8
CENTERLINE
10
64.424951
20
17.543860
30
0.0
0
SEQEND
8
CENTERLINE
0
POLYLINE
8
CENTERLINE
66
1
70
0
0
VERTEX
8
CENTERLINE
10
44.736842
20
78.265107
30
0.0
0
VERTEX
8
CENTERLINE
10
44.834308
20
78.265107
30
0.0
0
VERTEX
8
CENTERLINE
10
44.931774
20
78.362573
30
0.0
0
VERTEX
8
CENTERLINE
10
45.029240
20
78.362573
30
0.0
0
SEQEND
8
CENTERLINE
0
POLYLINE
8
CENTERLINE
66
1
70
0
0
VERTEX
8
CENTERLINE
10
76.900585
20
66.569201
30
0.0
0
VERTEX
8
CENTERLINE
10
76.900585
20
65.984405
30
0.0
0
SEQEND
8
CENTERLINE
0
POLYLINE
8
CENTERLINE
66
1
70
0
0
VERTEX
8
CENTERLINE
10
63.645224
20
133.625731
30
0.0
0
VERTEX
8
CENTERLINE
10
63.450292
20
133.820663
30
0.0
0
VERTEX
8
CENTERLINE
10
63.352827
20
133.820663
30
0.0
0
VERTEX
8
CENTERLINE
10
63.255361
20
133.918129
30
0.0
0
SEQEND
8
CENTERLINE
0
POLYLINE
8
CENTERLINE
66
1
70
0
0
VERTEX
8
CENTERLINE
10
32.651072
20
58.966862
30
0.0
0
VERTEX
8
CENTERLINE
10
32.651072
20
58.869396
30
0.0
0
VERTEX
8
CENTERLINE
10
32.748538
20
58.771930
30
0.0
0
VERTEX
8
CENTERLINE
10
32.748538
20
58.382066
30
0.0
0
VERTEX
8
CENTERLINE
10
32.846004
20
58.284600
30
0.0
0
VERTEX
8
CENTERLINE
10
32.846004
20
57.602339
30
0.0
0
SEQEND
8
CENTERLINE
0
POLYLINE
8
CENTERLINE
66
1
70
0
0
VERTEX
8
CENTERLINE
10
66.666667
20
58.187135
30
0.0
0
VERTEX
8
CENTERLINE
10
66.569201
20
58.284600
30
0.0
0
VERTEX
8
CENTERLINE
10
66.569201
20
58.479532
30
0.0
0
VERTEX
8
CENTERLINE
10
66.471735
20
58.576998
30
0.0
0
VERTEX
8
CENTERLINE
10
66.471735
20
58.869396
30
0.0
0
SEQEND
8
CENTERLINE
0
POLYLINE
8
CENTERLINE
66
1
70
0
0
VERTEX
8
CENTERLINE
10
69.493177
20
63.450292
30
0.0
0
VERTEX
8
CENTERLINE
10
69.200780
20
63.742690
30
0.0
0
VERTEX
8
CENTERLINE
10
69.103314
20
63.742690
30
0.0
0
VERTEX
8
CENTERLINE
10
69.005848
20
63.840156
30
0.0
0
VERTEX
8
CENTERLINE
10
68.713450
20
63.840156
30
0.0
0
VERTEX
8
CENTERLINE
10
68.615984
20
63.937622
30
0.0
0
SEQEND
8
CENTERLINE
0
POLYLINE
8
CENTERLINE
66
1
70
0
0
VERTEX
8
CENTERLINE
10
76.608187
20
38.791423
30
0.0
0
VERTEX
8
CENTERLINE
10
77.095517
20
38.791423
30
0.0
0
SEQEND
8
CENTERLINE
0
POLYLINE
8
CENTERLINE
66
1
70
0
0
VERTEX
8
CENTERLINE
10
62.865497
20
135.087719
30
0.0
0
VERTEX
8
CENTERLINE
10
62.768031
20
135.087719
30
0.0
0
VERTEX
8
CENTERLINE
10
62.670565
20
135.185185
30
0.0
0
VERTEX
8
CENTERLINE
10
62.378168
20
135.185185
30
0.0
0
SEQEND
8
CENTERLINE
0
POLYLINE
8
CENTERLINE
66
1
70
0
0
VERTEX
8
CENTERLINE
10
46.588694
20
86.452242
30
0.0
0
VERTEX
8
CENTERLINE
10
46.588694
20
87.134503
30
0.0
0
VERTEX
8
CENTERLINE
10
46.686160
20
87.231969
30
0.0
0
VERTEX
8
CENTERLINE
10
46.686160
20
87.524366
30
0.0
0
VERTEX
8
CENTERLINE
10
46.783626
20
87.621832
30
0.0
0
VERTEX
8
CENTERLINE
10
46.783626
20
88.693957
30
0.0
0
VERTEX
8
CENTERLINE
10
46.881092
20
88.791423
30
0.0
0
VERTEX
8
CENTERLINE
10
46.881092
20
89.376218
30
0.0
0
VERTEX
8
CENTERLINE
10
46.978558
20
89.473684
30
0.0
0
VERTEX
8
CENTERLINE
10
46.978558
20
89.668616
30
0.0
0
VERTEX
8
CENTERLINE
10
47.076023
20
89.766082
30
0.0
0
VERTEX
8
CENTERLINE
10
47.076023
20
89.961014
30
0.0
0
VERTEX
8
CENTERLINE
10
47.173489
20
90.058480
30
0.0
0
VERTEX
8
CENTERLINE
10
47.173489
20
90.740741
30
0.0
0
VERTEX
8
CENTERLINE
10
47.270955
20
90.838207
30
0.0
0
SEQEND
8
CENTERLINE
0
POLYLINE
8
CENTERLINE
66
1
70
0
0
VERTEX
8
CENTERLINE
10
87.524366
20
119.883041
30
0.0
0
VERTEX
8
CENTERLINE
10
87.231969
20
120.175439
30
0.0
0
VERTEX
8
CENTERLINE
10
87.134503
20
120.175439
30
0.0
0
VERTEX
8
CENTERLINE
10
87.037037
20
120.272904
30
0.0
0
VERTEX
8
CENTERLINE
10
86.744639
20
120.272904
30
0.0
0
VERTEX
8
CENTERLINE
10
86.647173
20
120.370370
30
0.0
0
VERTEX
8
CENTERLINE
10
86.549708
20
120.370370
30
0.0
0
VERTEX
8
CENTERLINE
10
86.354776
20
120.565302
30
0.0
0
SEQEND
8
CENTERLINE
0
POLYLINE
8
CENTERLINE
66
1
70
0
0
VERTEX
8
CENTERLINE
10
36.354776
20
85.769981
30
0.0
0
VERTEX
8
CENTERLINE
10
36.257310
20
85.672515
30
0.0
0
VERTEX
8
CENTERLINE
10
36.257310
20
78.947368
30
0.0
0
VERTEX
8
CENTERLINE
10
36.452242
20
78.752437
30
0.0
0
VERTEX
8
CENTERLINE
10
40.643275
20
78.752437
30
0.0
0
SEQEND
8
CENTERLINE
0
POLYLINE
8
CENTERLINE
66
1
70
0
0
VERTEX
8
CENTERLINE
10
74.171540
20
127.680312
30
0.0
0
VERTEX
8
CENTERLINE
10
74.074074
20
127.680312
30
0.0
0
VERTEX
8
CENTERLINE
10
73.976608
20
127.777778
30
0.0
0
VERTEX
8
CENTERLINE
10
73.781676
20
127.777778
30
0.0
0
VERTEX
8
CENTERLINE
10
73.684211
20
127.875244
30
0.0
0
SEQEND
8
CENTERLINE
0
POLYLINE
8
CENTERLINE
66
1
70
0
0
VERTEX
8
CENTERLINE
10
38.791423
20
135.185185
30
0.0
0
VERTEX
8
CENTERLINE
10
38.693957
20
135.087719
30
0.0
0
VERTEX
8
CENTERLINE
10
38.596491
20
135.087719
30
0.0
0
VERTEX
8
CENTERLINE
10
38.499025
20
134.990253
30
0.0
0
SEQEND
8
CENTERLINE
0
POLYLINE
8
CENTERLINE
66
1
70
0
0
VERTEX
8
CENTERLINE
10
17.056530
20
92.300195
30
0.0
0
VERTEX
8
CENTERLINE
10
17.251462
20
92.495127
30
0.0
0
VERTEX
8
CENTERLINE
10
17.446394
20
92.495127
30
0.0
0
VERTEX
8
CENTERLINE
10
17.543860
20
92.592593
30
0.0
0
VERTEX
8
CENTERLINE
10
18.128655
20
92.592593
30
0.0
0
SEQEND
8
CENTERLINE
0
POLYLINE
8
CENTERLINE
66
1
70
0
0
VERTEX
8
CENTERLINE
10
60.721248
20
134.990253
30
0.0
0
VERTEX
8
CENTERLINE
10
60.526316
20
135.185185
30
0.0
0
VERTEX
8
CENTERLINE
10
60.526316
20
135.282651
30
0.0
0
VERTEX
8
CENTERLINE
10
60.331384
20
135.477583
30
0.0
0
VERTEX
8
CENTERLINE
10
60.331384
20
135.575049
30
0.0
0
SEQEND
8
CENTERLINE
0
POLYLINE
8
CENTERLINE
66
1
70
0
0
VERTEX
8
CENTERLINE
10
71.734893
20
21.734893
30
0.0
0
VERTEX
8
CENTERLINE
10
71.637427
20
21.637427
30
0.0
0
VERTEX
8
CENTERLINE
10
71.539961
20
21.637427
30
0.0
0
VERTEX
8
CENTERLINE
10
71.442495
20
21.539961
30
0.0
0
VERTEX
8
CENTERLINE
10
71.345029
20
21.539961
30
0.0
0
VERTEX
8
CENTERLINE
10
71.247563
20
21.442495
30
0.0
0
VERTEX
8
CENTERLINE
10
71.052632
20
21.442495
30
0.0
0
VERTEX
8
CENTERLINE
10
70.955166
20
21.345029
30
0.0
0
SEQEND
8
CENTERLINE
0
POLYLINE
8
CENTERLINE
66
1
70
0
0
VERTEX
8
CENTERLINE
10
25.925926
20
78.849903
30
0.0
0
VERTEX
8
CENTERLINE
10
25.925926
20
82.163743
30
0.0
0
VERTEX
8
CENTERLINE
10
25.828460
20
82.261209
30
0.0
0
VERTEX
8
CENTERLINE
10
25.828460
20
84.795322
30
0.0
0
VERTEX
8
CENTERLINE
10
25.925926
20
84.892788
30
0.0
0
SEQEND
8
CENTERLINE
0
POLYLINE
8
CENTERLINE
66
1
70
0
0
VERTEX
8
CENTERLINE
10
44.931774
20
83.138402
30
0.0
0
VERTEX
8
CENTERLINE
10
45.808967
20
82.261209
30
0.0
0
SEQEND
8
CENTERLINE
0
POLYLINE
8
CENTERLINE
66
1
70
0
0
VERTEX
8
CENTERLINE
10
28.460039
20
21.539961
30
0.0
0
VERTEX
8
CENTERLINE
10
28.362573
20
21.637427
30
0.0
0
VERTEX
8
CENTERLINE
10
28.265107
20
21.637427
30
0.0
0
VERTEX
8
CENTERLINE
10
28.070175
20
21.832359
30
0.0
0
VERTEX
8
CENTERLINE
10
27.875244
20
21.832359
30
0.0
0
VERTEX
8
CENTERLINE
10
27.777778
20
21.929825
30
0.0
0
SEQEND
8
CENTERLINE
0
POLYLINE
8
CENTERLINE
66
1
70
0
0
VERTEX
8
CENTERLINE
10
86.159844
20
120.662768
30
0.0
0
VERTEX
8
CENTERLINE
10
86.062378
20
120.760234
30
0.0
0
VERTEX
8
CENTERLINE
10
85.964912
20
120.760234
30
0.0
0
VERTEX
8
CENTERLINE
10
85.867446
20
120.857700
30
0.0
0
VERTEX
8
CENTERLINE
10
85.769981
20
120.857700
30
0.0
0
VERTEX
8
CENTERLINE
10
85.672515
20
120.955166
30
0.0
0
SEQEND
8
CENTERLINE
0
POLYLINE
8
CENTERLINE
66
1
70
0
0
VERTEX
8
CENTERLINE
10
47.270955
20
140.253411
30
0.0
0
VERTEX
8
CENTERLINE
10
47.270955
20
140.155945
30
0.0
0
VERTEX
8
CENTERLINE
10
47.173489
20
140.058480
30
0.0
0
VERTEX
8
CENTERLINE
10
47.173489
20
139.863548
30
0.0
0
SEQEND
8
CENTERLINE
0
POLYLINE
8
CENTERLINE
66
1
70
0
0
VERTEX
8
CENTERLINE
10
50.584795
20
9.649123
30
0.0
0
VERTEX
8
CENTERLINE
10
50.584795
20
9.161793
30
0.0
0
SEQEND
8
CENTERLINE
0
POLYLINE
8
CENTERLINE
66
1
70
0
0
VERTEX
8
CENTERLINE
10
76.510721
20
68.908382
30
0.0
0
VERTEX
8
CENTERLINE
10
76.218324
20
68.908382
30
0.0
0
VERTEX
8
CENTERLINE
10
76.120858
20
68.810916
30
0.0
0
SEQEND
8
CENTERLINE
0
POLYLINE
8
CENTERLINE
66
1
70
0
0
VERTEX
8
CENTERLINE
10
45.321637
20
79.434698
30
0.0
0
VERTEX
8
CENTERLINE
10
45.419103
20
79.532164
30
0.0
0
VERTEX
8
CENTERLINE
10
45.419103
20
79.824561
30
0.0
0
SEQEND
8
CENTERLINE
0
POLYLINE
8
CENTERLINE
66
1
70
0
0
VERTEX
8
CENTERLINE
10
19.980507
20
92.495127
30
0.0
0
VERTEX
8
CENTERLINE
10
18.421053
20
92.495127
30
0.0
0
VERTEX
8
CENTERLINE
10
18.323587
20
92.592593
30
0.0
0
SEQEND
8
CENTERLINE
0
POLYLINE
8
CENTERLINE
66
1
70
0
0
VERTEX
8
CENTERLINE
10
39.668616
20
56.725146
30
0.0
0
VERTEX
8
CENTERLINE
10
40.058480
20
56.725146
30
0.0
0
VERTEX
8
CENTERLINE
10
40.155945
20
56.627680
30
0.0
0
VERTEX
8
CENTERLINE
10
40.740741
20
56.627680
30
0.0
0
VERTEX
8
CENTERLINE
10
40.838207
20
56.725146
30
0.0
0
VERTEX
8
CENTERLINE
10
41.325536
20
56.725146
30
0.0
0
VERTEX
8
CENTERLINE
10
41.520468
20
56.920078
30
0.0
0
VERTEX
8
CENTERLINE
10
41.617934
20
56.920078
30
0.0
0
VERTEX
8
CENTERLINE
10
41.715400
20
57.017544
30
0.0
0
VERTEX
8
CENTERLINE
10
41.812865
20
57.017544
30
0.0
0
SEQEND
8
CENTERLINE
0
POLYLINE
8
CENTERLINE
66
1
70
0
0
VERTEX
8
CENTERLINE
10
38.596491
20
105.165692
30
0.0
0
VERTEX
8
CENTERLINE
10
38.693957
20
105.068226
30
0.0
0
VERTEX
8
CENTERLINE
10
39.181287
20
105.068226
30
0.0
0
SEQEND
8
CENTERLINE
0
POLYLINE
8
CENTERLINE
66
1
70
0
0
VERTEX
8
CENTERLINE
10
28.460039
20
41.228070
30
0.0
0
VERTEX
8
CENTERLINE
10
28.849903
20
41.228070
30
0.0
0
SEQEND
8
CENTERLINE
0
POLYLINE
8
CENTERLINE
66
1
70
0
0
VERTEX
8
CENTERLINE
10
21.637427
20
112.475634
30
0.0
0
VERTEX
8
CENTERLINE
10
21.442495
20
112.475634
30
0.0
0
VERTEX
8
CENTERLINE
10
21.247563
20
112.670565
30
0.0
0
VERTEX
8
CENTERLINE
10
21.150097
20
112.670565
30
0.0
0
SEQEND
8
CENTERLINE
0
POLYLINE
8
CENTERLINE
66
1
70
0
0
VERTEX
8
CENTERLINE
10
66.959064
20
43.079922
30
0.0
0
VERTEX
8
CENTERLINE
10
67.056530
20
42.982456
30
0.0
0
VERTEX
8
CENTERLINE
10
67.348928
20
42.982456
30
0.0
0
VERTEX
8
CENTERLINE
10
67.446394
20
42.884990
30
0.0
0
VERTEX
8
CENTERLINE
10
67.641326
20
42.884990
30
0.0
0
VERTEX
8
CENTERLINE
10
67.738791
20
42.787524
30
0.0
0
VERTEX
8
CENTERLINE
10
67.836257
20
42.787524
30
0.0
0
VERTEX
8
CENTERLINE
10
67.933723
20
42.690058
30
0.0
0
VERTEX
8
CENTERLINE
10
68.031189
20
42.690058
30
0.0
0
VERTEX
8
CENTERLINE
10
68.128655
20
42.592593
30
0.0
0
VERTEX
8
CENTERLINE
10
68.421053
20
42.592593
30
0.0
0
VERTEX
8
CENTERLINE
10
68.518519
20
42.495127
30
0.0
0
SEQEND
8
CENTERLINE
0
POLYLINE
8
CENTERLINE
66
1
70
0
0
VERTEX
8
CENTERLINE
10
81.871345
20
123.976608
30
0.0
0
VERTEX
8
CENTERLINE
10
81.871345
20
123.294347
30
0.0
0
SEQEND
8
CENTERLINE
0
POLYLINE
8
CENTERLINE
66
1
70
0
0
VERTEX
8
CENTERLINE
10
88.596491
20
31.481481
30
0.0
0
VERTEX
8
CENTERLINE
10
88.499025
20
31.384016
30
0.0
0
VERTEX
8
CENTERLINE
10
88.401559
20
31.384016
30
0.0
0
VERTEX
8
CENTERLINE
10
88.206628
20
31.189084
30
0.0
0
VERTEX
8
CENTERLINE
10
88.109162
20
31.189084
30
0.0
0
VERTEX
8
CENTERLINE
10
88.011696
20
31.091618
30
0.0
0
VERTEX
8
CENTERLINE
10
87.719298
20
31.091618
30
0.0
0
VERTEX
8
CENTERLINE
10
87.329435
20
30.701754
30
0.0
0
VERTEX
8
CENTERLINE
10
87.231969
20
30.701754
30
0.0
0
VERTEX
8
CENTERLINE
10
87.037037
20
30.506823
30
0.0
0
VERTEX
8
CENTERLINE
10
86.842105
20
30.506823
30
0.0
0
VERTEX
8
CENTERLINE
10
86.744639
20
30.409357
30
0.0
0
VERTEX
8
CENTERLINE
10
86.647173
20
30.409357
30
0.0
0
VERTEX
8
CENTERLINE
10
86.549708
20
30.311891
30
0.0
0
SEQEND
8
CENTERLINE
0
POLYLINE
8
CENTERLINE
66
1
70
0
0
VERTEX
8
CENTERLINE
10
76.510721
20
58.187135
30
0.0
0
VERTEX
8
CENTERLINE
10
76.608187
20
58.089669
30
0.0
0
VERTEX
8
CENTERLINE
10
76.608187
20
57.894737
30
0.0
0
SEQEND
8
CENTERLINE
0
POLYLINE
8
CENTERLINE
66
1
70
0
0
VERTEX
8
CENTERLINE
10
77.485380
20
70.467836
30
0.0
0
VERTEX
8
CENTERLINE
10
77.095517
20
70.077973
30
0.0
0
SEQEND
8
CENTERLINE
0
POLYLINE
8
CENTERLINE
66
1
70
0
0
VERTEX
8
CENTERLINE
10
84.015595
20
28.849903
30
0.0
0
VERTEX
8
CENTERLINE
10
84.113060
20
28.947368
30
0.0
0
VERTEX
8
CENTERLINE
10
84.307992
20
28.947368
30
0.0
0
SEQEND
8
CENTERLINE
0
POLYLINE
8
CENTERLINE
66
1
70
0
0
VERTEX
8
CENTERLINE
10
47.953216
20
91.423002
30
0.0
0
VERTEX
8
CENTERLINE
10
47.855750
20
91.325536
30
0.0
0
VERTEX
8
CENTERLINE
10
47.758285
20
91.325536
30
0.0
0
VERTEX
8
CENTERLINE
10
47.660819
20
91.228070
30
0.0
0
SEQEND
8
CENTERLINE
0
POLYLINE
8
CENTERLINE
66
1
70
0
0
VERTEX
8
CENTERLINE
10
35.477583
20
17.446394
30
0.0
0
VERTEX
8
CENTERLINE
10
35.672515
20
17.446394
30
0.0
0
VERTEX
8
CENTERLINE
10
35.769981
20
17.348928
30
0.0
0
VERTEX
8
CENTERLINE
10
35.867446
20
17.348928
30
0.0
0
VERTEX
8
CENTERLINE
10
35.964912
20
17.251462
30
0.0
0
VERTEX
8
CENTERLINE
10
36.257310
20
17.251462
30
0.0
0
VERTEX
8
CENTERLINE
10
36.354776
20
17.153996
30
0.0
0
VERTEX
8
CENTERLINE
10
36.354776
20
17.056530
30
0.0
0
VERTEX
8
CENTERLINE
10
36.452242
20
16.959064
30
0.0
0
SEQEND
8
CENTERLINE
0
POLYLINE
8
CENTERLINE
66
1
70
0
0
VERTEX
8
CENTERLINE
10
84.307992
20
121.734893
30
0.0
0
VERTEX
8
CENTERLINE
10
84.405458
20
121.734893
30
0.0
0
VERTEX
8
CENTERLINE
10
84.502924
20
121.637427
30
0.0
0
VERTEX
8
CENTERLINE
10
84.697856
20
121.637427
30
0.0
0
SEQEND
8
CENTERLINE
0
POLYLINE
8
CENTERLINE
66
1
70
0
0
VERTEX
8
CENTERLINE
10
26.608187
20
40.448343
30
0.0
0
VERTEX
8
CENTERLINE
10
26.218324
20
40.448343
30
0.0
0
VERTEX
8
CENTERLINE
10
26.120858
20
40.350877
30
0.0
0
SEQEND
8
CENTERLINE
0
POLYLINE
8
CENTERLINE
66
1
70
0
0
VERTEX
8
CENTERLINE
10
52.339181
20
57.504873
30
0.0
0
VERTEX
8
CENTERLINE
10
52.534113
20
57.699805
30
0.0
0
VERTEX
8
CENTERLINE
10
52.534113
20
57.797271
30
0.0
0
VERTEX
8
CENTERLINE
10
52.631579
20
57.894737
30
0.0
0
VERTEX
8
CENTERLINE
10
52.631579
20
57.992203
30
0.0
0
VERTEX
8
CENTERLINE
10
52.729045
20
58.089669
30
0.0
0
VERTEX
8
CENTERLINE
10
52.729045
20
58.382066
30
0.0
0
VERTEX
8
CENTERLINE
10
52.826511
20
58.479532
30
0.0
0
VERTEX
8
CENTERLINE
10
52.826511
20
58.966862
30
0.0
0
VERTEX
8
CENTERLINE
10
52.923977
20
59.064327
30
0.0
0
VERTEX
8
CENTERLINE
10
52.923977
20
59.844055
30
0.0
0
VERTEX
8
CENTERLINE
10
53.021442
20
59.941520
30
0.0
0
VERTEX
8
CENTERLINE
10
53.021442
20
60.136452
30
0.0
0
SEQEND
8
CENTERLINE
0
POLYLINE
8
CENTERLINE
66
1
70
0
0
VERTEX
8
CENTERLINE
10
13.255361
20
30.409357
30
0.0
0
VERTEX
8
CENTERLINE
10
13.255361
20
31.091618
30
0.0
0
VERTEX
8
CENTERLINE
10
13.157895
20
31.189084
30
0.0
0
VERTEX
8
CENTERLINE
10
13.157895
20
31.286550
30
0.0
0
VERTEX
8
CENTERLINE
10
12.962963
20
31.481481
30
0.0
0
VERTEX
8
CENTERLINE
10
12.768031
20
31.481481
30
0.0
0
VERTEX
8
CENTERLINE
10
12.670565
20
31.578947
30
0.0
0
VERTEX
8
CENTERLINE
10
12.475634
20
31.578947
30
0.0
0
SEQEND
8
CENTERLINE
0
POLYLINE
8
CENTERLINE
66
1
70
0
0
VERTEX
8
CENTERLINE
10
32.358674
20
56.237817
30
0.0
0
VERTEX
8
CENTERLINE
10
32.553606
20
56.042885
30
0.0
0
VERTEX
8
CENTERLINE
10
32.943470
20
56.042885
30
0.0
0
SEQEND
8
CENTERLINE
0
POLYLINE
8
CENTERLINE
66
1
70
0
0
VERTEX
8
CENTERLINE
10
69.883041
20
63.157895
30
0.0
0
VERTEX
8
CENTERLINE
10
70.175439
20
62.865497
30
0.0
0
SEQEND
8
CENTERLINE
0
POLYLINE
8
CENTERLINE
66
1
70
0
0
VERTEX
8
CENTERLINE
10
17.933723
20
123.099415
30
0.0
0
VERTEX
8
CENTERLINE
10
17.836257
20
123.099415
30
0.0
0
VERTEX
8
CENTERLINE
10
17.641326
20
122.904483
30
0.0
0
VERTEX
8
CENTERLINE
10
17.543860
20
122.904483
30
0.0
0
SEQEND
8
CENTERLINE
0
POLYLINE
8
CENTERLINE
66
1
70
0
0
VERTEX
8
CENTERLINE
10
87.816764
20
119.688109
30
0.0
0
VERTEX
8
CENTERLINE
10
87.914230
20
119.590643
30
0.0
0
VERTEX
8
CENTERLINE
10
88.109162
20
119.590643
30
0.0
0
VERTEX
8
CENTERLINE
10
88.206628
20
119.493177
30
0.0
0
VERTEX
8
CENTERLINE
10
88.304094
20
119.493177
30
0.0
0
VERTEX
8
CENTERLINE
10
88.401559
20
119.395712
30
0.0
0
SEQEND
8
CENTERLINE
0
POLYLINE
8
CENTERLINE
66
1
70
0
0
VERTEX
8
CENTERLINE
10
71.150097
20
41.423002
30
0.0
0
VERTEX
8
CENTERLINE
10
70.955166
20
41.617934
30
0.0
0
VERTEX
8
CENTERLINE
10
70.565302
20
41.617934
30
0.0
0
VERTEX
8
CENTERLINE
10
70.467836
20
41.715400
30
0.0
0
VERTEX
8
CENTERLINE
10
70.272904
20
41.715400
30
0.0
0
VERTEX
8
CENTERLINE
10
70.175439
20
41.812865
30
0.0
0
VERTEX
8
CENTERLINE
10
70.077973
20
41.812865
30
0.0
0
VERTEX
8
CENTERLINE
10
69.980507
20
41.910331
30
0.0
0
VERTEX
8
CENTERLINE
10
69.688109
20
41.910331
30
0.0
0
VERTEX
8
CENTERLINE
10
69.590643
20
42.007797
30
0.0
0
SEQEND
8
CENTERLINE
0
POLYLINE
8
CENTERLINE
66
1
70
0
0
VERTEX
8
CENTERLINE
10
62.962963
20
16.666667
30
0.0
0
VERTEX
8
CENTERLINE
10
62.865497
20
16.666667
30
0.0
0
VERTEX
8
CENTERLINE
10
62.768031
20
16.569201
30
0.0
0
VERTEX
8
CENTERLINE
10
62.475634
20
16.569201
30
0.0
0
VERTEX
8
CENTERLINE
10
62.378168
20
16.471735
30
0.0
0
VERTEX
8
CENTERLINE
10
62.183236
20
16.471735
30
0.0
0
VERTEX
8
CENTERLINE
10
62.085770
20
16.374269
30
0.0
0
SEQEND
8
CENTERLINE
0
POLYLINE
8
CENTERLINE
66
1
70
0
0
VERTEX
8
CENTERLINE
10
16.764133
20
28.362573
30
0.0
0
VERTEX
8
CENTERLINE
10
16.569201
20
28.362573
30
0.0
0
VERTEX
8
CENTERLINE
10
16.471735
20
28.460039
30
0.0
0
VERTEX
8
CENTERLINE
10
16.081871
20
28.460039
30
0.0
0
VERTEX
8
CENTERLINE
10
15.984405
20
28.557505
30
0.0
0
SEQEND
8
CENTERLINE
0
POLYLINE
8
CENTERLINE
66
1
70
0
0
VERTEX
8
CENTERLINE
10
77.290448
20
38.596491
30
0.0
0
VERTEX
8
CENTERLINE
10
77.387914
20
38.499025
30
0.0
0
VERTEX
8
CENTERLINE
10
77.972710
20
38.499025
30
0.0
0
SEQEND
8
CENTERLINE
0
POLYLINE
8
CENTERLINE
66
1
70
0
0
VERTEX
8
CENTERLINE
10
77.777778
20
25.243665
30
0.0
0
VERTEX
8
CENTERLINE
10
77.875244
20
25.341131
30
0.0
0
VERTEX
8
CENTERLINE
10
78.070175
20
25.341131
30
0.0
0
VERTEX
8
CENTERLINE
10
78.167641
20
25.438596
30
0.0
0
SEQEND
8
CENTERLINE
0
POLYLINE
8
CENTERLINE
66
1
70
0
0
VERTEX
8
CENTERLINE
10
25.243665
20
23.391813
30
0.0
0
VERTEX
8
CENTERLINE
10
25.146199
20
23.489279
30
0.0
0
VERTEX
8
CENTERLINE
10
25.048733
20
23.489279
30
0.0
0
VERTEX
8
CENTERLINE
10
24.951267
20
23.586745
30
0.0
0
SEQEND
8
CENTERLINE
0
POLYLINE
8
CENTERLINE
66
1
70
0
0
VERTEX
8
CENTERLINE
10
49.610136
20
88.596491
30
0.0
0
VERTEX
8
CENTERLINE
10
49.610136
20
88.401559
30
0.0
0
VERTEX
8
CENTERLINE
10
49.707602
20
88.304094
30
0.0
0
VERTEX
8
CENTERLINE
10
49.707602
20
87.816764
30
0.0
0
VERTEX
8
CENTERLINE
10
49.805068
20
87.719298
30
0.0
0
VERTEX
8
CENTERLINE
10
49.805068
20
87.329435
30
0.0
0
VERTEX
8
CENTERLINE
10
50.000000
20
87.134503
30
0.0
0
VERTEX
8
CENTERLINE
10
50.000000
20
85.769981
30
0.0
0
SEQEND
8
CENTERLINE
0
POLYLINE
8
CENTERLINE
66
1
70
0
0
VERTEX
8
CENTERLINE
10
53.508772
20
139.473684
30
0.0
0
VERTEX
8
CENTERLINE
10
53.411306
20
139.571150
30
0.0
0
VERTEX
8
CENTERLINE
10
53.411306
20
139.668616
30
0.0
0
VERTEX
8
CENTERLINE
10
53.313840
20
139.766082
30
0.0
0
VERTEX
8
CENTERLINE
10
53.118908
20
139.766082
30
0.0
0
VERTEX
8
CENTERLINE
10
53.021442
20
139.863548
30
0.0
0
VERTEX
8
CENTERLINE
10
52.923977
20
139.863548
30
0.0
0
SEQEND
8
CENTERLINE
0
POLYLINE
8
CENTERLINE
66
1
70
0
0
VERTEX
8
CENTERLINE
10
40.643275
20
14.619883
30
0.0
0
VERTEX
8
CENTERLINE
10
40.448343
20
14.619883
30
0.0
0
VERTEX
8
CENTERLINE
10
40.350877
20
14.717349
30
0.0
0
VERTEX
8
CENTERLINE
10
40.058480
20
14.717349
30
0.0
0
VERTEX
8
CENTERLINE
10
39.863548
20
14.912281
30
0.0
0
SEQEND
8
CENTERLINE
0
POLYLINE
8
CENTERLINE
66
1
70
0
0
VERTEX
8
CENTERLINE
10
44.444444
20
78.070175
30
0.0
0
VERTEX
8
CENTERLINE
10
44.346979
20
77.972710
30
0.0
0
VERTEX
8
CENTERLINE
10
44.249513
20
77.972710
30
0.0
0
VERTEX
8
CENTERLINE
10
44.152047
20
77.875244
30
0.0
0
SEQEND
8
CENTERLINE
0
POLYLINE
8
CENTERLINE
66
1
70
0
0
VERTEX
8
CENTERLINE
10
82.846004
20
122.514620
30
0.0
0
VERTEX
8
CENTERLINE
10
83.138402
20
122.514620
30
0.0
0
SEQEND
8
CENTERLINE
0
POLYLINE
8
CENTERLINE
66
1
70
0
0
VERTEX
8
CENTERLINE
10
68.421053
20
130.994152
30
0.0
0
VERTEX
8
CENTERLINE
10
68.615984
20
130.799220
30
0.0
0
VERTEX
8
CENTERLINE
10
68.713450
20
130.799220
30
0.0
0
VERTEX
8
CENTERLINE
10
68.908382
20
130.604288
30
0.0
0
VERTEX
8
CENTERLINE
10
69.005848
20
130.604288
30
0.0
0
SEQEND
8
CENTERLINE
0
POLYLINE
8
CENTERLINE
66
1
70
0
0
VERTEX
8
CENTERLINE
10
35.087719
20
106.725146
30
0.0
0
VERTEX
8
CENTERLINE
10
34.990253
20
106.822612
30
0.0
0
VERTEX
8
CENTERLINE
10
34.795322
20
106.822612
30
0.0
0
VERTEX
8
CENTERLINE
10
34.697856
20
106.920078
30
0.0
0
VERTEX
8
CENTERLINE
10
34.502924
20
106.920078
30
0.0
0
VERTEX
8
CENTERLINE
10
34.405458
20
107.017544
30
0.0
0
VERTEX
8
CENTERLINE
10
34.210526
20
107.017544
30
0.0
0
SEQEND
8
CENTERLINE
0
POLYLINE
8
CENTERLINE
66
1
70
0
0
VERTEX
8
CENTERLINE
10
80.019493
20
62.768031
30
0.0
0
VERTEX
8
CENTERLINE
10
80.019493
20
62.670565
30
0.0
0
VERTEX
8
CENTERLINE
10
80.116959
20
62.573099
30
0.0
0
VERTEX
8
CENTERLINE
10
80.116959
20
62.475634
30
0.0
0
VERTEX
8
CENTERLINE
10
80.311891
20
62.280702
30
0.0
0
VERTEX
8
CENTERLINE
10
80.409357
20
62.280702
30
0.0
0
VERTEX
8
CENTERLINE
10
80.506823
20
62.183236
30
0.0
0
SEQEND
8
CENTERLINE
0
POLYLINE
8
CENTERLINE
66
1
70
0
0
VERTEX
8
CENTERLINE
10
35.575049
20
106.432749
30
0.0
0
VERTEX
8
CENTERLINE
10
35.672515
20
106.335283
30
0.0
0
VERTEX
8
CENTERLINE
10
35.964912
20
106.335283
30
0.0
0
VERTEX
8
CENTERLINE
10
36.159844
20
106.140351
30
0.0
0
VERTEX
8
CENTERLINE
10
36.354776
20
106.140351
30
0.0
0
VERTEX
8
CENTERLINE
10
36.452242
20
106.042885
30
0.0
0
VERTEX
8
CENTERLINE
10
36.549708
20
106.042885
30
0.0
0
VERTEX
8
CENTERLINE
10
36.647173
20
105.945419
30
0.0
0
VERTEX
8
CENTERLINE
10
36.939571
20
105.945419
30
0.0
0
VERTEX
8
CENTERLINE
10
37.134503
20
105.750487
30
0.0
0
VERTEX
8
CENTERLINE
10
37.329435
20
105.750487
30
0.0
0
VERTEX
8
CENTERLINE
10
37.426901
20
105.653021
30
0.0
0
VERTEX
8
CENTERLINE
10
37.621832
20
105.653021
30
0.0
0
SEQEND
8
CENTERLINE
0
POLYLINE
8
CENTERLINE
66
1
70
0
0
VERTEX
8
CENTERLINE
10
11.500975
20
116.764133
30
0.0
0
VERTEX
8
CENTERLINE
10
11.695906
20
116.764133
30
0.0
0
VERTEX
8
CENTERLINE
10
11.793372
20
116.666667
30
0.0
0
VERTEX
8
CENTERLINE
10
12.085770
20
116.666667
30
0.0
0
VERTEX
8
CENTERLINE
10
12.183236
20
116.569201
30
0.0
0
VERTEX
8
CENTERLINE
10
12.280702
20
116.569201
30
0.0
0
VERTEX
8
CENTERLINE
10
12.378168
20
116.471735
30
0.0
0
VERTEX
8
CENTERLINE
10
12.573099
20
116.471735
30
0.0
0
SEQEND
8
CENTERLINE
0
POLYLINE
8
CENTERLINE
66
1
70
0
0
VERTEX
8
CENTERLINE
10
18.226121
20
62.865497
30
0.0
0
VERTEX
8
CENTERLINE
10
20.175439
20
62.865497
30
0.0
0
VERTEX
8
CENTERLINE
10
20.272904
20
62.962963
30
0.0
0
VERTEX
8
CENTERLINE
10
21.052632
20
62.962963
30
0.0
0
SEQEND
8
CENTERLINE
0
POLYLINE
8
CENTERLINE
66
1
70
0
0
VERTEX
8
CENTERLINE
10
29.532164
20
129.824561
30
0.0
0
VERTEX
8
CENTERLINE
10
29.434698
20
129.727096
30
0.0
0
VERTEX
8
CENTERLINE
10
29.239766
20
129.727096
30
0.0
0
VERTEX
8
CENTERLINE
10
29.142300
20
129.629630
30
0.0
0
SEQEND
8
CENTERLINE
0
POLYLINE
8
CENTERLINE
66
1
70
0
0
VERTEX
8
CENTERLINE
10
66.959064
20
57.699805
30
0.0
0
VERTEX
8
CENTERLINE
10
66.861598
20
57.797271
30
0.0
0
VERTEX
8
CENTERLINE
10
66.861598
20
57.894737
30
0.0
0
VERTEX
8
CENTERLINE
10
66.764133
20
57.992203
30
0.0
0
SEQEND
8
CENTERLINE
0
POLYLINE
8
CENTERLINE
66
1
70
0
0
VERTEX
8
CENTERLINE
10
26.803119
20
40.545809
30
0.0
0
VERTEX
8
CENTERLINE
10
26.900585
20
40.545809
30
0.0
0
VERTEX
8
CENTERLINE
10
26.998051
20
40.643275
30
0.0
0
VERTEX
8
CENTERLINE
10
27.095517
20
40.643275
30
0.0
0
VERTEX
8
CENTERLINE
10
27.192982
20
40.740741
30
0.0
0
SEQEND
8
CENTERLINE
0
POLYLINE
8
CENTERLINE
66
1
70
0
0
VERTEX
8
CENTERLINE
10
61.208577
20
135.964912
30
0.0
0
VERTEX
8
CENTERLINE
10
60.623782
20
135.964912
30
0.0
0
SEQEND
8
CENTERLINE
0
POLYLINE
8
CENTERLINE
66
1
70
0
0
VERTEX
8
CENTERLINE
10
39.473684
20
85.769981
30
0.0
0
VERTEX
8
CENTERLINE
10
39.376218
20
85.769981
30
0.0
0
VERTEX
8
CENTERLINE
10
39.278752
20
85.672515
30
0.0
0
VERTEX
8
CENTERLINE
10
36.647173
20
85.672515
30
0.0
0
VERTEX
8
CENTERLINE
10
36.549708
20
85.769981
30
0.0
0
VERTEX
8
CENTERLINE
10
36.452242
20
85.769981
30
0.0
0
SEQEND
8
CENTERLINE
0
POLYLINE
8
CENTERLINE
66
1
70
0
0
VERTEX
8
CENTERLINE
10
50.000000
20
141.228070
30
0.0
0
VERTEX
8
CENTERLINE
10
50.097466
20
141.228070
30
0.0
0
VERTEX
8
CENTERLINE
10
50.194932
20
141.130604
30
0.0
0
VERTEX
8
CENTERLINE
10
50.292398
20
141.130604
30
0.0
0
VERTEX
8
CENTERLINE
10
50.389864
20
141.033138
30
0.0
0
VERTEX
8
CENTERLINE
10
50.877193
20
141.033138
30
0.0
0
VERTEX
8
CENTERLINE
10
50.974659
20
140.935673
30
0.0
0
VERTEX
8
CENTERLINE
10
51.072125
20
140.935673
30
0.0
0
SEQEND
8
CENTERLINE
0
POLYLINE
8
CENTERLINE
66
1
70
0
0
VERTEX
8
CENTERLINE
10
27.485380
20
40.935673
30
0.0
0
VERTEX
8
CENTERLINE
10
27.582846
20
41.033138
30
0.0
0
VERTEX
8
CENTERLINE
10
28.167641
20
41.033138
30
0.0
0
SEQEND
8
CENTERLINE
0
POLYLINE
8
CENTERLINE
66
1
70
0
0
VERTEX
8
CENTERLINE
10
65.594542
20
43.567251
30
0.0
0
VERTEX
8
CENTERLINE
10
66.081871
20
43.567251
30
0.0
0
VERTEX
8
CENTERLINE
10
66.179337
20
43.469786
30
0.0
0
VERTEX
8
CENTERLINE
10
66.374269
20
43.469786
30
0.0
0
VERTEX
8
CENTERLINE
10
66.471735
20
43.372320
30
0.0
0
SEQEND
8
CENTERLINE
0
POLYLINE
8
CENTERLINE
66
1
70
0
0
VERTEX
8
CENTERLINE
10
27.777778
20
62.865497
30
0.0
0
VERTEX
8
CENTERLINE
10
27.777778
20
56.920078
30
0.0
0
SEQEND
8
CENTERLINE
0
POLYLINE
8
CENTERLINE
66
1
70
0
0
VERTEX
8
CENTERLINE
10
68.128655
20
92.884990
30
0.0
0
VERTEX
8
CENTERLINE
10
68.128655
20
92.300195
30
0.0
0
VERTEX
8
CENTERLINE
10
68.226121
20
92.202729
30
0.0
0
VERTEX
8
CENTERLINE
10
68.226121
20
91.812865
30
0.0
0
VERTEX
8
CENTERLINE
10
68.323587
20
91.715400
30
0.0
0
SEQEND
8
CENTERLINE
0
POLYLINE
8
CENTERLINE
66
1
70
0
0
VERTEX
8
CENTERLINE
10
15.789474
20
115.009747
30
0.0
0
VERTEX
8
CENTERLINE
10
15.497076
20
115.009747
30
0.0
0
VERTEX
8
CENTERLINE
10
15.399610
20
115.107212
30
0.0
0
SEQEND
8
CENTERLINE
0
POLYLINE
8
CENTERLINE
66
1
70
0
0
VERTEX
8
CENTERLINE
10
36.647173
20
133.918129
30
0.0
0
VERTEX
8
CENTERLINE
10
36.744639
20
134.015595
30
0.0
0
VERTEX
8
CENTERLINE
10
36.842105
20
134.015595
30
0.0
0
VERTEX
8
CENTERLINE
10
36.939571
20
134.113060
30
0.0
0
VERTEX
8
CENTERLINE
10
37.037037
20
134.113060
30
0.0
0
SEQEND
8
CENTERLINE
0
POLYLINE
8
CENTERLINE
66
1
70
0
0
VERTEX
8
CENTERLINE
10
67.933723
20
64.035088
30
0.0
0
VERTEX
8
CENTERLINE
10
67.446394
20
64.035088
30
0.0
0
SEQEND
8
CENTERLINE
0
POLYLINE
8
CENTERLINE
66
1
70
0
0
VERTEX
8
CENTERLINE
10
76.023392
20
126.510721
30
0.0
0
VERTEX
8
CENTERLINE
10
76.218324
20
126.510721
30
0.0
0
VERTEX
8
CENTERLINE
10
76.510721
20
126.218324
30
0.0
0
SEQEND
8
CENTERLINE
0
POLYLINE
8
CENTERLINE
66
1
70
0
0
VERTEX
8
CENTERLINE
10
61.598441
20
134.990253
30
0.0
0
VERTEX
8
CENTERLINE
10
60.916179
20
134.990253
30
0.0
0
SEQEND
8
CENTERLINE
0
POLYLINE
8
CENTERLINE
66
1
70
0
0
VERTEX
8
CENTERLINE
10
61.793372
20
105.360624
30
0.0
0
VERTEX
8
CENTERLINE
10
61.890838
20
105.458090
30
0.0
0
VERTEX
8
CENTERLINE
10
62.085770
20
105.458090
30
0.0
0
VERTEX
8
CENTERLINE
10
62.183236
20
105.555556
30
0.0
0
VERTEX
8
CENTERLINE
10
62.280702
20
105.555556
30
0.0
0
VERTEX
8
CENTERLINE
10
62.378168
20
105.653021
30
0.0
0
SEQEND
8
CENTERLINE
0
POLYLINE
8
CENTERLINE
66
1
70
0
0
VERTEX
8
CENTERLINE
10
42.884990
20
13.255361
30
0.0
0
VERTEX
8
CENTERLINE
10
42.982456
20
13.157895
30
0.0
0
VERTEX
8
CENTERLINE
10
43.177388
20
13.157895
30
0.0
0
VERTEX
8
CENTERLINE
10
43.469786
20
12.865497
30
0.0
0
SEQEND
8
CENTERLINE
0
POLYLINE
8
CENTERLINE
66
1
70
0
0
VERTEX
8
CENTERLINE
10
70.662768
20
129.629630
30
0.0
0
VERTEX
8
CENTERLINE
10
70.565302
20
129.629630
30
0.0
0
VERTEX
8
CENTERLINE
10
70.467836
20
129.727096
30
0.0
0
VERTEX
8
CENTERLINE
10
70.370370
20
129.727096
30
0.0
0
VERTEX
8
CENTERLINE
10
70.175439
20
129.922027
30
0.0
0
VERTEX
8
CENTERLINE
10
69.883041
20
129.922027
30
0.0
0
VERTEX
8
CENTERLINE
10
69.785575
20
130.019493
30
0.0
0
SEQEND
8
CENTERLINE
0
POLYLINE
8
CENTERLINE
66
1
70
0
0
VERTEX
8
CENTERLINE
10
22.514620
20
24.951267
30
0.0
0
VERTEX
8
CENTERLINE
10
22.612086
20
24.853801
30
0.0
0
VERTEX
8
CENTERLINE
10
22.807018
20
24.853801
30
0.0
0
VERTEX
8
CENTERLINE
10
23.001949
20
24.658869
30
0.0
0
SEQEND
8
CENTERLINE
0
POLYLINE
8
CENTERLINE
66
1
70
0
0
VERTEX
8
CENTERLINE
10
53.118908
20
11.013645
30
0.0
0
VERTEX
8
CENTERLINE
10
53.216374
20
11.111111
30
0.0
0
VERTEX
8
CENTERLINE
10
53.313840
20
11.111111
30
0.0
0
VERTEX
8
CENTERLINE
10
53.411306
20
11.208577
30
0.0
0
VERTEX
8
CENTERLINE
10
53.508772
20
11.208577
30
0.0
0
SEQEND
8
CENTERLINE
0
POLYLINE
8
CENTERLINE
66
1
70
0
0
VERTEX
8
CENTERLINE
10
25.048733
20
110.916179
30
0.0
0
VERTEX
8
CENTERLINE
10
25.341131
20
110.916179
30
0.0
0
SEQEND
8
CENTERLINE
0
POLYLINE
8
CENTERLINE
66
1
70
0
0
VERTEX
8
CENTERLINE
10
22.514620
20
63.450292
30
0.0
0
VERTEX
8
CENTERLINE
10
22.612086
20
63.352827
30
0.0
0
VERTEX
8
CENTERLINE
10
22.612086
20
62.865497
30
0.0
0
SEQEND
8
CENTERLINE
0
POLYLINE
8
CENTERLINE
66
1
70
0
0
VERTEX
8
CENTERLINE
10
9.064327
20
33.138402
30
0.0
0
VERTEX
8
CENTERLINE
10
9.356725
20
32.846004
30
0.0
0
SEQEND
8
CENTERLINE
0
POLYLINE
8
CENTERLINE
66
1
70
0
0
VERTEX
8
CENTERLINE
10
16.276803
20
122.222222
30
0.0
0
VERTEX
8
CENTERLINE
10
16.179337
20
122.124756
30
0.0
0
VERTEX
8
CENTERLINE
10
16.081871
20
122.124756
30
0.0
0
VERTEX
8
CENTERLINE
10
15.789474
20
121.832359
30
0.0
0
VERTEX
8
CENTERLINE
10
15.692008
20
121.832359
30
0.0
0
VERTEX
8
CENTERLINE
10
15.594542
20
121.734893
30
0.0
0
VERTEX
8
CENTERLINE
10
15.497076
20
121.734893
30
0.0
0
VERTEX
8
CENTERLINE
10
15.399610
20
121.637427
30
0.0
0
VERTEX
8
CENTERLINE
10
15.204678
20
121.637427
30
0.0
0
VERTEX
8
CENTERLINE
10
15.107212
20
121.539961
30
0.0
0
SEQEND
8
CENTERLINE
0
POLYLINE
8
CENTERLINE
66
1
70
0
0
VERTEX
8
CENTERLINE
10
17.056530
20
28.167641
30
0.0
0
VERTEX
8
CENTERLINE
10
17.251462
20
28.167641
30
0.0
0
VERTEX
8
CENTERLINE
10
17.446394
20
27.972710
30
0.0
0
VERTEX
8
CENTERLINE
10
17.446394
20
27.875244
30
0.0
0
VERTEX
8
CENTERLINE
10
17.641326
20
27.680312
30
0.0
0
VERTEX
8
CENTERLINE
10
17.836257
20
27.680312
30
0.0
0
VERTEX
8
CENTERLINE
10
17.933723
20
27.582846
30
0.0
0
VERTEX
8
CENTERLINE
10
18.031189
20
27.582846
30
0.0
0
VERTEX
8
CENTERLINE
10
18.128655
20
27.485380
30
0.0
0
SEQEND
8
CENTERLINE
0
POLYLINE
8
CENTERLINE
66
1
70
0
0
VERTEX
8
CENTERLINE
10
25.146199
20
39.863548
30
0.0
0
VERTEX
8
CENTERLINE
10
25.243665
20
39.961014
30
0.0
0
VERTEX
8
CENTERLINE
10
25.438596
20
39.961014
30
0.0
0
VERTEX
8
CENTERLINE
10
25.633528
20
40.155945
30
0.0
0
VERTEX
8
CENTERLINE
10
25.828460
20
40.155945
30
0.0
0
VERTEX
8
CENTERLINE
10
25.925926
20
40.253411
30
0.0
0
SEQEND
8
CENTERLINE
0
POLYLINE
8
CENTERLINE
66
1
70
0
0
VERTEX
8
CENTERLINE
10
31.968811
20
19.688109
30
0.0
0
VERTEX
8
CENTERLINE
10
31.871345
20
19.688109
30
0.0
0
VERTEX
8
CENTERLINE
10
31.773879
20
19.785575
30
0.0
0
VERTEX
8
CENTERLINE
10
31.384016
20
19.785575
30
0.0
0
VERTEX
8
CENTERLINE
10
31.286550
20
19.883041
30
0.0
0
SEQEND
8
CENTERLINE
0
POLYLINE
8
CENTERLINE
66
1
70
0
0
VERTEX
8
CENTERLINE
10
48.440546
20
140.545809
30
0.0
0
VERTEX
8
CENTERLINE
10
48.440546
20
140.155945
30
0.0
0
SEQEND
8
CENTERLINE
0
POLYLINE
8
CENTERLINE
66
1
70
0
0
VERTEX
8
CENTERLINE
10
80.701754
20
57.017544
30
0.0
0
VERTEX
8
CENTERLINE
10
80.506823
20
56.822612
30
0.0
0
VERTEX
8
CENTERLINE
10
80.409357
20
56.822612
30
0.0
0
VERTEX
8
CENTERLINE
10
80.311891
20
56.725146
30
0.0
0
VERTEX
8
CENTERLINE
10
80.019493
20
56.725146
30
0.0
0
VERTEX
8
CENTERLINE
10
79.922027
20
56.627680
30
0.0
0
VERTEX
8
CENTERLINE
10
79.337232
20
56.627680
30
0.0
0
VERTEX
8
CENTERLINE
10
79.239766
20
56.530214
30
0.0
0
VERTEX
8
CENTERLINE
10
79.044834
20
56.530214
30
0.0
0
VERTEX
8
CENTERLINE
10
78.947368
20
56.627680
30
0.0
0
VERTEX
8
CENTERLINE
10
78.265107
20
56.627680
30
0.0
0
VERTEX
8
CENTERLINE
10
78.167641
20
56.725146
30
0.0
0
VERTEX
8
CENTERLINE
10
77.680312
20
56.725146
30
0.0
0
VERTEX
8
CENTERLINE
10
77.582846
20
56.822612
30
0.0
0
SEQEND
8
CENTERLINE
0
POLYLINE
8
CENTERLINE
66
1
70
0
0
VERTEX
8
CENTERLINE
10
73.001949
20
40.545809
30
0.0
0
VERTEX
8
CENTERLINE
10
73.099415
20
40.545809
30
0.0
0
VERTEX
8
CENTERLINE
10
73.196881
20
40.448343
30
0.0
0
VERTEX
8
CENTERLINE
10
73.391813
20
40.448343
30
0.0
0
VERTEX
8
CENTERLINE
10
73.586745
20
40.253411
30
0.0
0
VERTEX
8
CENTERLINE
10
73.781676
20
40.253411
30
0.0
0
VERTEX
8
CENTERLINE
10
73.879142
20
40.155945
30
0.0
0
VERTEX
8
CENTERLINE
10
74.074074
20
40.155945
30
0.0
0
SEQEND
8
CENTERLINE
0
POLYLINE
8
CENTERLINE
66
1
70
0
0
VERTEX
8
CENTERLINE
10
89.668616
20
118.713450
30
0.0
0
VERTEX
8
CENTERLINE
10
89.571150
20
118.810916
30
0.0
0
VERTEX
8
CENTERLINE
10
89.278752
20
118.810916
30
0.0
0
SEQEND
8
CENTERLINE
0
POLYLINE
8
CENTERLINE
66
1
70
0
0
VERTEX
8
CENTERLINE
10
48.343080
20
91.715400
30
0.0
0
VERTEX
8
CENTERLINE
10
48.245614
20
91.812865
30
0.0
0
VERTEX
8
CENTERLINE
10
48.245614
20
92.202729
30
0.0
0
SEQEND
8
CENTERLINE
0
POLYLINE
8
CENTERLINE
66
1
70
0
0
VERTEX
8
CENTERLINE
10
29.727096
20
108.966862
30
0.0
0
VERTEX
8
CENTERLINE
10
30.019493
20
108.966862
30
0.0
0
VERTEX
8
CENTERLINE
10
30.116959
20
108.869396
30
0.0
0
VERTEX
8
CENTERLINE
10
30.214425
20
108.869396
30
0.0
0
SEQEND
8
CENTERLINE
0
POLYLINE
8
CENTERLINE
66
1
70
0
0
VERTEX
8
CENTERLINE
10
64.717349
20
17.738791
30
0.0
0
VERTEX
8
CENTERLINE
10
64.814815
20
17.836257
30
0.0
0
VERTEX
8
CENTERLINE
10
65.009747
20
17.836257
30
0.0
0
VERTEX
8
CENTERLINE
10
65.107212
20
17.933723
30
0.0
0
SEQEND
8
CENTERLINE
0
POLYLINE
8
CENTERLINE
66
1
70
0
0
VERTEX
8
CENTERLINE
10
71.539961
20
69.005848
30
0.0
0
VERTEX
8
CENTERLINE
10
71.539961
20
69.200780
30
0.0
0
VERTEX
8
CENTERLINE
10
71.442495
20
69.298246
30
0.0
0
SEQEND
8
CENTERLINE
0
POLYLINE
8
CENTERLINE
66
1
70
0
0
VERTEX
8
CENTERLINE
10
18.323587
20
93.079922
30
0.0
0
VERTEX
8
CENTERLINE
10
18.323587
20
92.982456
30
0.0
0
VERTEX
8
CENTERLINE
10
18.226121
20
92.884990
30
0.0
0
VERTEX
8
CENTERLINE
10
18.226121
20
92.690058
30
0.0
0
SEQEND
8
CENTERLINE
0
POLYLINE
8
CENTERLINE
66
1
70
0
0
VERTEX
8
CENTERLINE
10
72.222222
20
128.752437
30
0.0
0
VERTEX
8
CENTERLINE
10
72.319688
20
128.654971
30
0.0
0
VERTEX
8
CENTERLINE
10
72.417154
20
128.654971
30
0.0
0
VERTEX
8
CENTERLINE
10
72.514620
20
128.557505
30
0.0
0
VERTEX
8
CENTERLINE
10
72.807018
20
128.557505
30
0.0
0
VERTEX
8
CENTERLINE
10
72.904483
20
128.460039
30
0.0
0
SEQEND
8
CENTERLINE
0
POLYLINE
8
CENTERLINE
66
1
70
0
0
VERTEX
8
CENTERLINE
10
29.532164
20
84.892788
30
0.0
0
VERTEX
8
CENTERLINE
10
29.727096
20
84.697856
30
0.0
0
VERTEX
8
CENTERLINE
10
29.727096
20
84.307992
30
0.0
0
VERTEX
8
CENTERLINE
10
29.824561
20
84.210526
30
0.0
0
VERTEX
8
CENTERLINE
10
29.824561
20
84.113060
30
0.0
0
VERTEX
8
CENTERLINE
10
29.922027
20
84.015595
30
0.0
0
VERTEX
8
CENTERLINE
10
29.922027
20
83.820663
30
0.0
0
VERTEX
8
CENTERLINE
10
30.019493
20
83.723197
30
0.0
0
VERTEX
8
CENTERLINE
10
30.019493
20
83.625731
30
0.0
0
VERTEX
8
CENTERLINE
10
30.116959
20
83.528265
30
0.0
0
VERTEX
8
CENTERLINE
10
30.116959
20
83.235867
30
0.0
0
VERTEX
8
CENTERLINE
10
30.214425
20
83.138402
30
0.0
0
VERTEX
8
CENTERLINE
10
30.214425
20
83.040936
30
0.0
0
VERTEX
8
CENTERLINE
10
30.311891
20
82.943470
30
0.0
0
VERTEX
8
CENTERLINE
10
30.311891
20
82.748538
30
0.0
0
VERTEX
8
CENTERLINE
10
30.409357
20
82.651072
30
0.0
0
VERTEX
8
CENTERLINE
10
30.409357
20
82.261209
30
0.0
0
VERTEX
8
CENTERLINE
10
30.506823
20
82.163743
30
0.0
0
VERTEX
8
CENTERLINE
10
30.506823
20
81.871345
30
0.0
0
VERTEX
8
CENTERLINE
10
30.604288
20
81.773879
30
0.0
0
VERTEX
8
CENTERLINE
10
30.604288
20
81.384016
30
0.0
0
VERTEX
8
CENTERLINE
10
30.701754
20
81.286550
30
0.0
0
VERTEX
8
CENTERLINE
10
30.701754
20
80.799220
30
0.0
0
VERTEX
8
CENTERLINE
10
30.799220
20
80.701754
30
0.0
0
VERTEX
8
CENTERLINE
10
30.799220
20
80.409357
30
0.0
0
VERTEX
8
CENTERLINE
10
30.896686
20
80.311891
30
0.0
0
VERTEX
8
CENTERLINE
10
30.896686
20
80.116959
30
0.0
0
VERTEX
8
CENTERLINE
10
31.091618
20
79.922027
30
0.0
0
VERTEX
8
CENTERLINE
10
31.091618
20
79.824561
30
0.0
0
VERTEX
8
CENTERLINE
10
31.286550
20
79.629630
30
0.0
0
VERTEX
8
CENTERLINE
10
31.286550
20
78.752437
30
0.0
0
SEQEND
8
CENTERLINE
0
POLYLINE
8
CENTERLINE
66
1
70
0
0
VERTEX
8
CENTERLINE
10
56.335283
20
78.947368
30
0.0
0
VERTEX
8
CENTERLINE
10
56.335283
20
89.766082
30
0.0
0
VERTEX
8
CENTERLINE
10
56.237817
20
89.863548
30
0.0
0
VERTEX
8
CENTERLINE
10
56.237817
20
89.961014
30
0.0
0
VERTEX
8
CENTERLINE
10
56.335283
20
90.058480
30
0.0
0
VERTEX
8
CENTERLINE
10
56.335283
20
90.155945
30
0.0
0
VERTEX
8
CENTERLINE
10
56.140351
20
90.350877
30
0.0
0
VERTEX
8
CENTERLINE
10
56.140351
20
92.592593
30
0.0
0
SEQEND
8
CENTERLINE
0
POLYLINE
8
CENTERLINE
66
1
70
0
0
VERTEX
8
CENTERLINE
10
50.292398
20
82.553606
30
0.0
0
VERTEX
8
CENTERLINE
10
50.194932
20
82.553606
30
0.0
0
VERTEX
8
CENTERLINE
10
50.097466
20
82.456140
30
0.0
0
VERTEX
8
CENTERLINE
10
47.563353
20
82.456140
30
0.0
0
VERTEX
8
CENTERLINE
10
47.465887
20
82.553606
30
0.0
0
VERTEX
8
CENTERLINE
10
46.296296
20
82.553606
30
0.0
0
SEQEND
8
CENTERLINE
0
POLYLINE
8
CENTERLINE
66
1
70
0
0
VERTEX
8
CENTERLINE
10
16.374269
20
29.337232
30
0.0
0
VERTEX
8
CENTERLINE
10
16.666667
20
29.337232
30
0.0
0
VERTEX
8
CENTERLINE
10
16.764133
20
29.239766
30
0.0
0
VERTEX
8
CENTERLINE
10
16.764133
20
29.142300
30
0.0
0
VERTEX
8
CENTERLINE
10
16.861598
20
29.044834
30
0.0
0
VERTEX
8
CENTERLINE
10
16.861598
20
28.460039
30
0.0
0
SEQEND
8
CENTERLINE
0
POLYLINE
8
CENTERLINE
66
1
70
0
0
VERTEX
8
CENTERLINE
10
76.900585
20
111.890838
30
0.0
0
VERTEX
8
CENTERLINE
10
76.998051
20
111.890838
30
0.0
0
VERTEX
8
CENTERLINE
10
77.192982
20
112.085770
30
0.0
0
VERTEX
8
CENTERLINE
10
77.387914
20
112.085770
30
0.0
0
VERTEX
8
CENTERLINE
10
77.485380
20
112.183236
30
0.0
0
VERTEX
8
CENTERLINE
10
77.582846
20
112.183236
30
0.0
0
VERTEX
8
CENTERLINE
10
77.680312
20
112.280702
30
0.0
0
VERTEX
8
CENTERLINE
10
77.777778
20
112.280702
30
0.0
0
VERTEX
8
CENTERLINE
10
77.875244
20
112.378168
30
0.0
0
VERTEX
8
CENTERLINE
10
77.972710
20
112.378168
30
0.0
0
VERTEX
8
CENTERLINE
10
78.070175
20
112.475634
30
0.0
0
VERTEX
8
CENTERLINE
10
78.167641
20
112.475634
30
0.0
0
VERTEX
8
CENTERLINE
10
78.265107
20
112.573099
30
0.0
0
VERTEX
8
CENTERLINE
10
78.460039
20
112.573099
30
0.0
0
VERTEX
8
CENTERLINE
10
78.557505
20
112.670565
30
0.0
0
VERTEX
8
CENTERLINE
10
78.752437
20
112.670565
30
0.0
0
VERTEX
8
CENTERLINE
10
78.947368
20
112.865497
30
0.0
0
VERTEX
8
CENTERLINE
10
79.044834
20
112.865497
30
0.0
0
SEQEND
8
CENTERLINE
0
POLYLINE
8
CENTERLINE
66
1
70
0
0
VERTEX
8
CENTERLINE
10
43.274854
20
70.467836
30
0.0
0
VERTEX
8
CENTERLINE
10
43.177388
20
70.565302
30
0.0
0
VERTEX
8
CENTERLINE
10
42.787524
20
70.565302
30
0.0
0
SEQEND
8
CENTERLINE
0
POLYLINE
8
CENTERLINE
66
1
70
0
0
VERTEX
8
CENTERLINE
10
76.413255
20
24.463938
30
0.0
0
VERTEX
8
CENTERLINE
10
76.218324
20
24.269006
30
0.0
0
VERTEX
8
CENTERLINE
10
75.925926
20
24.269006
30
0.0
0
VERTEX
8
CENTERLINE
10
75.828460
20
24.171540
30
0.0
0
SEQEND
8
CENTERLINE
0
POLYLINE
8
CENTERLINE
66
1
70
0
0
VERTEX
8
CENTERLINE
10
76.413255
20
58.187135
30
0.0
0
VERTEX
8
CENTERLINE
10
75.438596
20
58.187135
30
0.0
0
SEQEND
8
CENTERLINE
0
POLYLINE
8
CENTERLINE
66
1
70
0
0
VERTEX
8
CENTERLINE
10
17.543860
20
114.230019
30
0.0
0
VERTEX
8
CENTERLINE
10
17.446394
20
114.327485
30
0.0
0
VERTEX
8
CENTERLINE
10
17.153996
20
114.327485
30
0.0
0
VERTEX
8
CENTERLINE
10
17.056530
20
114.424951
30
0.0
0
SEQEND
8
CENTERLINE
0
POLYLINE
8
CENTERLINE
66
1
70
0
0
VERTEX
8
CENTERLINE
10
68.713450
20
88.986355
30
0.0
0
VERTEX
8
CENTERLINE
10
68.713450
20
89.571150
30
0.0
0
VERTEX
8
CENTERLINE
10
68.615984
20
89.668616
30
0.0
0
VERTEX
8
CENTERLINE
10
68.615984
20
90.350877
30
0.0
0
VERTEX
8
CENTERLINE
10
68.518519
20
90.448343
30
0.0
0
VERTEX
8
CENTERLINE
10
68.518519
20
91.228070
30
0.0
0
VERTEX
8
CENTERLINE
10
68.421053
20
91.325536
30
0.0
0
VERTEX
8
CENTERLINE
10
68.421053
20
91.520468
30
0.0
0
SEQEND
8
CENTERLINE
0
POLYLINE
8
CENTERLINE
66
1
70
0
0
VERTEX
8
CENTERLINE
10
24.269006
20
39.571150
30
0.0
0
VERTEX
8
CENTERLINE
10
24.561404
20
39.571150
30
0.0
0
VERTEX
8
CENTERLINE
10
24.658869
20
39.668616
30
0.0
0
SEQEND
8
CENTERLINE
0
POLYLINE
8
CENTERLINE
66
1
70
0
0
VERTEX
8
CENTERLINE
10
46.003899
20
11.403509
30
0.0
0
VERTEX
8
CENTERLINE
10
46.101365
20
11.306043
30
0.0
0
VERTEX
8
CENTERLINE
10
46.198830
20
11.306043
30
0.0
0
VERTEX
8
CENTERLINE
10
46.296296
20
11.208577
30
0.0
0
VERTEX
8
CENTERLINE
10
46.491228
20
11.208577
30
0.0
0
SEQEND
8
CENTERLINE
0
POLYLINE
8
CENTERLINE
66
1
70
0
0
VERTEX
8
CENTERLINE
10
13.937622
20
120.857700
30
0.0
0
VERTEX
8
CENTERLINE
10
13.840156
20
120.760234
30
0.0
0
VERTEX
8
CENTERLINE
10
13.742690
20
120.760234
30
0.0
0
VERTEX
8
CENTERLINE
10
13.645224
20
120.662768
30
0.0
0
SEQEND
8
CENTERLINE
0
POLYLINE
8
CENTERLINE
66
1
70
0
0
VERTEX
8
CENTERLINE
10
28.752437
20
129.434698
30
0.0
0
VERTEX
8
CENTERLINE
10
28.849903
20
129.434698
30
0.0
0
VERTEX
8
CENTERLINE
10
28.947368
20
129.532164
30
0.0
0
VERTEX
8
CENTERLINE
10
29.044834
20
129.532164
30
0.0
0
SEQEND
8
CENTERLINE
0
POLYLINE
8
CENTERLINE
66
1
70
0
0
VERTEX
8
CENTERLINE
10
51.461988
20
10.038986
30
0.0
0
VERTEX
8
CENTERLINE
10
51.364522
20
10.038986
30
0.0
0
VERTEX
8
CENTERLINE
10
51.169591
20
9.844055
30
0.0
0
VERTEX
8
CENTERLINE
10
50.779727
20
9.844055
30
0.0
0
VERTEX
8
CENTERLINE
10
50.682261
20
9.746589
30
0.0
0
SEQEND
8
CENTERLINE
0
POLYLINE
8
CENTERLINE
66
1
70
0
0
VERTEX
8
CENTERLINE
10
25.730994
20
23.001949
30
0.0
0
VERTEX
8
CENTERLINE
10
25.828460
20
22.904483
30
0.0
0
VERTEX
8
CENTERLINE
10
26.218324
20
22.904483
30
0.0
0
VERTEX
8
CENTERLINE
10
26.315789
20
22.807018
30
0.0
0
SEQEND
8
CENTERLINE
0
POLYLINE
8
CENTERLINE
66
1
70
0
0
VERTEX
8
CENTERLINE
10
23.099415
20
64.424951
30
0.0
0
VERTEX
8
CENTERLINE
10
23.099415
20
64.619883
30
0.0
0
VERTEX
8
CENTERLINE
10
23.196881
20
64.717349
30
0.0
0
VERTEX
8
CENTERLINE
10
23.196881
20
65.204678
30
0.0
0
VERTEX
8
CENTERLINE
10
23.294347
20
65.302144
30
0.0
0
VERTEX
8
CENTERLINE
10
23.294347
20
67.056530
30
0.0
0
SEQEND
8
CENTERLINE
0
POLYLINE
8
CENTERLINE
66
1
70
0
0
VERTEX
8
CENTERLINE
10
9.551657
20
118.031189
30
0.0
0
VERTEX
8
CENTERLINE
10
9.454191
20
117.933723
30
0.0
0
VERTEX
8
CENTERLINE
10
9.259259
20
117.933723
30
0.0
0
VERTEX
8
CENTERLINE
10
9.064327
20
117.738791
30
0.0
0
SEQEND
8
CENTERLINE
0
POLYLINE
8
CENTERLINE
66
1
70
0
0
VERTEX
8
CENTERLINE
10
78.947368
20
63.840156
30
0.0
0
VERTEX
8
CENTERLINE
10
78.362573
20
64.424951
30
0.0
0
SEQEND
8
CENTERLINE
0
POLYLINE
8
CENTERLINE
66
1
70
0
0
VERTEX
8
CENTERLINE
10
41.228070
20
14.132554
30
0.0
0
VERTEX
8
CENTERLINE
10
41.423002
20
14.132554
30
0.0
0
VERTEX
8
CENTERLINE
10
41.617934
20
13.937622
30
0.0
0
SEQEND
8
CENTERLINE
0
POLYLINE
8
CENTERLINE
66
1
70
0
0
VERTEX
8
CENTERLINE
10
75.828460
20
59.259259
30
0.0
0
VERTEX
8
CENTERLINE
10
76.218324
20
59.259259
30
0.0
0
VERTEX
8
CENTERLINE
10
76.315789
20
59.161793
30
0.0
0
VERTEX
8
CENTERLINE
10
76.315789
20
58.869396
30
0.0
0
VERTEX
8
CENTERLINE
10
76.413255
20
58.771930
30
0.0
0
VERTEX
8
CENTERLINE
10
76.413255
20
58.382066
30
0.0
0
VERTEX
8
CENTERLINE
10
76.510721
20
58.284600
30
0.0
0
SEQEND
8
CENTERLINE
0
POLYLINE
8
CENTERLINE
66
1
70
0
0
VERTEX
8
CENTERLINE
10
66.959064
20
19.005848
30
0.0
0
VERTEX
8
CENTERLINE
10
67.056530
20
19.005848
30
0.0
0
VERTEX
8
CENTERLINE
10
67.446394
20
19.395712
30
0.0
0
VERTEX
8
CENTERLINE
10
67.543860
20
19.395712
30
0.0
0
VERTEX
8
CENTERLINE
10
67.641326
20
19.493177
30
0.0
0
VERTEX
8
CENTERLINE
10
67.933723
20
19.493177
30
0.0
0
VERTEX
8
CENTERLINE
10
68.031189
20
19.590643
30
0.0
0
SEQEND
8
CENTERLINE
0
POLYLINE
8
CENTERLINE
66
1
70
0
0
VERTEX
8
CENTERLINE
10
34.307992
20
43.957115
30
0.0
0
VERTEX
8
CENTERLINE
10
34.210526
20
43.957115
30
0.0
0
VERTEX
8
CENTERLINE
10
34.113060
20
43.859649
30
0.0
0
VERTEX
8
CENTERLINE
10
34.015595
20
43.859649
30
0.0
0
VERTEX
8
CENTERLINE
10
33.918129
20
43.762183
30
0.0
0
VERTEX
8
CENTERLINE
10
33.918129
20
43.664717
30
0.0
0
VERTEX
8
CENTERLINE
10
33.820663
20
43.567251
30
0.0
0
SEQEND
8
CENTERLINE
0
POLYLINE
8
CENTERLINE
66
1
70
0
0
VERTEX
8
CENTERLINE
10
77.290448
20
24.951267
30
0.0
0
VERTEX
8
CENTERLINE
10
77.192982
20
24.853801
30
0.0
0
VERTEX
8
CENTERLINE
10
76.998051
20
24.853801
30
0.0
0
VERTEX
8
CENTERLINE
10
76.803119
20
24.658869
30
0.0
0
VERTEX
8
CENTERLINE
10
76.705653
20
24.658869
30
0.0
0
VERTEX
8
CENTERLINE
10
76.608187
20
24.561404
30
0.0
0
SEQEND
8
CENTERLINE
0
POLYLINE
8
CENTERLINE
66
1
70
0
0
VERTEX
8
CENTERLINE
10
15.399610
20
29.044834
30
0.0
0
VERTEX
8
CENTERLINE
10
15.594542
20
28.849903
30
0.0
0
VERTEX
8
CENTERLINE
10
15.789474
20
28.849903
30
0.0
0
SEQEND
8
CENTERLINE
0
POLYLINE
8
CENTERLINE
66
1
70
0
0
VERTEX
8
CENTERLINE
10
25.536062
20
110.818713
30
0.0
0
VERTEX
8
CENTERLINE
10
25.633528
20
110.721248
30
0.0
0
VERTEX
8
CENTERLINE
10
25.730994
20
110.721248
30
0.0
0
VERTEX
8
CENTERLINE
10
25.828460
20
110.623782
30
0.0
0
VERTEX
8
CENTERLINE
10
25.925926
20
110.623782
30
0.0
0
VERTEX
8
CENTERLINE
10
26.023392
20
110.526316
30
0.0
0
VERTEX
8
CENTERLINE
10
26.120858
20
110.526316
30
0.0
0
VERTEX
8
CENTERLINE
10
26.218324
20
110.428850
30
0.0
0
VERTEX
8
CENTERLINE
10
26.413255
20
110.428850
30
0.0
0
VERTEX
8
CENTERLINE
10
26.510721
20
110.331384
30
0.0
0
VERTEX
8
CENTERLINE
10
26.803119
20
110.331384
30
0.0
0
SEQEND
8
CENTERLINE
0
POLYLINE
8
CENTERLINE
66
1
70
0
0
VERTEX
8
CENTERLINE
10
70.370370
20
80.311891
30
0.0
0
VERTEX
8
CENTERLINE
10
70.857700
20
79.824561
30
0.0
0
VERTEX
8
CENTERLINE
10
70.955166
20
79.824561
30
0.0
0
VERTEX
8
CENTERLINE
10
71.150097
20
79.629630
30
0.0
0
SEQEND
8
CENTERLINE
0
POLYLINE
8
CENTERLINE
66
1
70
0
0
VERTEX
8
CENTERLINE
10
42.397661
20
57.602339
30
0.0
0
VERTEX
8
CENTERLINE
10
42.397661
20
57.699805
30
0.0
0
VERTEX
8
CENTERLINE
10
42.690058
20
57.992203
30
0.0
0
VERTEX
8
CENTERLINE
10
42.690058
20
58.187135
30
0.0
0
VERTEX
8
CENTERLINE
10
42.787524
20
58.284600
30
0.0
0
VERTEX
8
CENTERLINE
10
42.787524
20
58.382066
30
0.0
0
VERTEX
8
CENTERLINE
10
42.884990
20
58.479532
30
0.0
0
VERTEX
8
CENTERLINE
10
42.884990
20
58.674464
30
0.0
0
VERTEX
8
CENTERLINE
10
42.982456
20
58.771930
30
0.0
0
VERTEX
8
CENTERLINE
10
42.982456
20
68.518519
30
0.0
0
VERTEX
8
CENTERLINE
10
42.884990
20
68.615984
30
0.0
0
VERTEX
8
CENTERLINE
10
42.884990
20
69.005848
30
0.0
0
SEQEND
8
CENTERLINE
0
POLYLINE
8
CENTERLINE
66
1
70
0
0
VERTEX
8
CENTERLINE
10
40.545809
20
136.062378
30
0.0
0
VERTEX
8
CENTERLINE
10
40.253411
20
136.062378
30
0.0
0
VERTEX
8
CENTERLINE
10
40.155945
20
135.964912
30
0.0
0
SEQEND
8
CENTERLINE
0
POLYLINE
8
CENTERLINE
66
1
70
0
0
VERTEX
8
CENTERLINE
10
48.050682
20
139.571150
30
0.0
0
VERTEX
8
CENTERLINE
10
47.465887
20
139.571150
30
0.0
0
VERTEX
8
CENTERLINE
10
47.173489
20
139.863548
30
0.0
0
SEQEND
8
CENTERLINE
0
POLYLINE
8
CENTERLINE
66
1
70
0
0
VERTEX
8
CENTERLINE
10
39.083821
20
70.467836
30
0.0
0
VERTEX
8
CENTERLINE
10
39.376218
20
70.467836
30
0.0
0
VERTEX
8
CENTERLINE
10
39.473684
20
70.565302
30
0.0
0
VERTEX
8
CENTERLINE
10
39.571150
20
70.565302
30
0.0
0
SEQEND
8
CENTERLINE
0
POLYLINE
8
CENTERLINE
66
1
70
0
0
VERTEX
8
CENTERLINE
10
73.196881
20
85.477583
30
0.0
0
VERTEX
8
CENTERLINE
10
73.196881
20
85.282651
30
0.0
0
VERTEX
8
CENTERLINE
10
73.099415
20
85.185185
30
0.0
0
VERTEX
8
CENTERLINE
10
73.099415
20
84.697856
30
0.0
0
VERTEX
8
CENTERLINE
10
73.001949
20
84.600390
30
0.0
0
VERTEX
8
CENTERLINE
10
73.001949
20
83.918129
30
0.0
0
VERTEX
8
CENTERLINE
10
72.904483
20
83.820663
30
0.0
0
VERTEX
8
CENTERLINE
10
72.904483
20
83.528265
30
0.0
0
SEQEND
8
CENTERLINE
0
POLYLINE
8
CENTERLINE
66
1
70
0
0
VERTEX
8
CENTERLINE
10
8.966862
20
33.333333
30
0.0
0
VERTEX
8
CENTERLINE
10
8.966862
20
117.641326
30
0.0
0
SEQEND
8
CENTERLINE
0
POLYLINE
8
CENTERLINE
66
1
70
0
0
VERTEX
8
CENTERLINE
10
10.526316
20
31.871345
30
0.0
0
VERTEX
8
CENTERLINE
10
10.428850
20
31.968811
30
0.0
0
VERTEX
8
CENTERLINE
10
10.331384
20
31.968811
30
0.0
0
VERTEX
8
CENTERLINE
10
10.136452
20
32.163743
30
0.0
0
VERTEX
8
CENTERLINE
10
10.038986
20
32.163743
30
0.0
0
VERTEX
8
CENTERLINE
10
9.551657
20
32.651072
30
0.0
0
SEQEND
8
CENTERLINE
0
POLYLINE
8
CENTERLINE
66
1
70
0
0
VERTEX
8
CENTERLINE
10
56.237817
20
12.768031
30
0.0
0
VERTEX
8
CENTERLINE
10
56.432749
20
12.962963
30
0.0
0
VERTEX
8
CENTERLINE
10
56.530214
20
12.962963
30
0.0
0
SEQEND
8
CENTERLINE
0
POLYLINE
8
CENTERLINE
66
1
70
0
0
VERTEX
8
CENTERLINE
10
14.912281
20
121.345029
30
0.0
0
VERTEX
8
CENTERLINE
10
14.814815
20
121.345029
30
0.0
0
VERTEX
8
CENTERLINE
10
14.717349
20
121.247563
30
0.0
0
VERTEX
8
CENTERLINE
10
14.619883
20
121.247563
30
0.0
0
VERTEX
8
CENTERLINE
10
14.522417
20
121.150097
30
0.0
0
VERTEX
8
CENTERLINE
10
14.327485
20
121.150097
30
0.0
0
VERTEX
8
CENTERLINE
10
14.230019
20
121.052632
30
0.0
0
VERTEX
8
CENTERLINE
10
14.132554
20
121.052632
30
0.0
0
SEQEND
8
CENTERLINE
0
POLYLINE
8
CENTERLINE
66
1
70
0
0
VERTEX
8
CENTERLINE
10
72.807018
20
83.333333
30
0.0
0
VERTEX
8
CENTERLINE
10
72.807018
20
83.235867
30
0.0
0
VERTEX
8
CENTERLINE
10
72.709552
20
83.138402
30
0.0
0
VERTEX
8
CENTERLINE
10
72.709552
20
82.651072
30
0.0
0
VERTEX
8
CENTERLINE
10
72.612086
20
82.553606
30
0.0
0
VERTEX
8
CENTERLINE
10
72.612086
20
81.286550
30
0.0
0
VERTEX
8
CENTERLINE
10
72.514620
20
81.189084
30
0.0
0
VERTEX
8
CENTERLINE
10
72.514620
20
80.799220
30
0.0
0
SEQEND
8
CENTERLINE
0
POLYLINE
8
CENTERLINE
66
1
70
0
0
VERTEX
8
CENTERLINE
10
79.629630
20
63.157895
30
0.0
0
VERTEX
8
CENTERLINE
10
79.239766
20
63.547758
30
0.0
0
SEQEND
8
CENTERLINE
0
POLYLINE
8
CENTERLINE
66
1
70
0
0
VERTEX
8
CENTERLINE
10
22.124756
20
125.536062
30
0.0
0
VERTEX
8
CENTERLINE
10
22.222222
20
125.633528
30
0.0
0
VERTEX
8
CENTERLINE
10
22.417154
20
125.633528
30
0.0
0
VERTEX
8
CENTERLINE
10
22.514620
20
125.730994
30
0.0
0
VERTEX
8
CENTERLINE
10
22.612086
20
125.730994
30
0.0
0
VERTEX
8
CENTERLINE
10
22.709552
20
125.828460
30
0.0
0
VERTEX
8
CENTERLINE
10
22.807018
20
125.828460
30
0.0
0
VERTEX
8
CENTERLINE
10
22.904483
20
125.925926
30
0.0
0
SEQEND
8
CENTERLINE
0
POLYLINE
8
CENTERLINE
66
1
70
0
0
VERTEX
8
CENTERLINE
10
52.339181
20
10.526316
30
0.0
0
VERTEX
8
CENTERLINE
10
52.241715
20
10.526316
30
0.0
0
VERTEX
8
CENTERLINE
10
52.144250
20
10.428850
30
0.0
0
VERTEX
8
CENTERLINE
10
52.046784
20
10.428850
30
0.0
0
VERTEX
8
CENTERLINE
10
51.851852
20
10.233918
30
0.0
0
VERTEX
8
CENTERLINE
10
51.754386
20
10.233918
30
0.0
0
SEQEND
8
CENTERLINE
0
POLYLINE
8
CENTERLINE
66
1
70
0
0
VERTEX
8
CENTERLINE
10
77.582846
20
125.730994
30
0.0
0
VERTEX
8
CENTERLINE
10
77.875244
20
125.438596
30
0.0
0
VERTEX
8
CENTERLINE
10
77.972710
20
125.438596
30
0.0
0
SEQEND
8
CENTERLINE
0
POLYLINE
8
CENTERLINE
66
1
70
0
0
VERTEX
8
CENTERLINE
10
30.311891
20
108.771930
30
0.0
0
VERTEX
8
CENTERLINE
10
30.506823
20
108.576998
30
0.0
0
VERTEX
8
CENTERLINE
10
30.896686
20
108.576998
30
0.0
0
VERTEX
8
CENTERLINE
10
30.994152
20
108.479532
30
0.0
0
VERTEX
8
CENTERLINE
10
31.091618
20
108.479532
30
0.0
0
VERTEX
8
CENTERLINE
10
31.189084
20
108.382066
30
0.0
0
VERTEX
8
CENTERLINE
10
31.578947
20
108.382066
30
0.0
0
SEQEND
8
CENTERLINE
0
POLYLINE
8
CENTERLINE
66
1
70
0
0
VERTEX
8
CENTERLINE
10
51.169591
20
84.600390
30
0.0
0
VERTEX
8
CENTERLINE
10
51.169591
20
84.990253
30
0.0
0
VERTEX
8
CENTERLINE
10
50.779727
20
85.380117
30
0.0
0
VERTEX
8
CENTERLINE
10
50.682261
20
85.380117
30
0.0
0
VERTEX
8
CENTERLINE
10
50.584795
20
85.477583
30
0.0
0
VERTEX
8
CENTERLINE
10
50.487329
20
85.477583
30
0.0
0
VERTEX
8
CENTERLINE
10
50.292398
20
85.672515
30
0.0
0
VERTEX
8
CENTERLINE
10
50.097466
20
85.672515
30
0.0
0
SEQEND
8
CENTERLINE
0
POLYLINE
8
CENTERLINE
66
1
70
0
0
VERTEX
8
CENTERLINE
10
15.886940
20
79.532164
30
0.0
0
VERTEX
8
CENTERLINE
10
15.886940
20
79.142300
30
0.0
0
VERTEX
8
CENTERLINE
10
15.984405
20
79.044834
30
0.0
0
VERTEX
8
CENTERLINE
10
15.984405
20
78.947368
30
0.0
0
SEQEND
8
CENTERLINE
0
POLYLINE
8
CENTERLINE
66
1
70
0
0
VERTEX
8
CENTERLINE
10
22.417154
20
63.450292
30
0.0
0
VERTEX
8
CENTERLINE
10
22.124756
20
63.450292
30
0.0
0
VERTEX
8
CENTERLINE
10
22.027290
20
63.352827
30
0.0
0
VERTEX
8
CENTERLINE
10
21.539961
20
63.352827
30
0.0
0
SEQEND
8
CENTERLINE
0
POLYLINE
8
CENTERLINE
66
1
70
0
0
VERTEX
8
CENTERLINE
10
37.914230
20
16.081871
30
0.0
0
VERTEX
8
CENTERLINE
10
38.011696
20
16.081871
30
0.0
0
VERTEX
8
CENTERLINE
10
38.206628
20
15.886940
30
0.0
0
VERTEX
8
CENTERLINE
10
38.304094
20
15.886940
30
0.0
0
VERTEX
8
CENTERLINE
10
38.401559
20
15.789474
30
0.0
0
VERTEX
8
CENTERLINE
10
38.499025
20
15.789474
30
0.0
0
VERTEX
8
CENTERLINE
10
38.693957
20
15.594542
30
0.0
0
VERTEX
8
CENTERLINE
10
38.791423
20
15.594542
30
0.0
0
SEQEND
8
CENTERLINE
0
POLYLINE
8
CENTERLINE
66
1
70
0
0
VERTEX
8
CENTERLINE
10
50.487329
20
9.746589
30
0.0
0
VERTEX
8
CENTERLINE
10
50.000000
20
9.746589
30
0.0
0
SEQEND
8
CENTERLINE
0
POLYLINE
8
CENTERLINE
66
1
70
0
0
VERTEX
8
CENTERLINE
10
65.204678
20
43.957115
30
0.0
0
VERTEX
8
CENTERLINE
10
65.107212
20
43.957115
30
0.0
0
VERTEX
8
CENTERLINE
10
65.009747
20
44.054581
30
0.0
0
VERTEX
8
CENTERLINE
10
64.912281
20
44.054581
30
0.0
0
SEQEND
8
CENTERLINE
0
POLYLINE
8
CENTERLINE
66
1
70
0
0
VERTEX
8
CENTERLINE
10
42.495127
20
70.272904
30
0.0
0
VERTEX
8
CENTERLINE
10
42.495127
20
69.688109
30
0.0
0
VERTEX
8
CENTERLINE
10
42.592593
20
69.590643
30
0.0
0
VERTEX
8
CENTERLINE
10
42.592593
20
69.493177
30
0.0
0
VERTEX
8
CENTERLINE
10
42.884990
20
69.200780
30
0.0
0
SEQEND
8
CENTERLINE
0
POLYLINE
8
CENTERLINE
66
1
70
0
0
VERTEX
8
CENTERLINE
10
20.467836
20
112.962963
30
0.0
0
VERTEX
8
CENTERLINE
10
20.565302
20
112.865497
30
0.0
0
VERTEX
8
CENTERLINE
10
20.760234
20
112.865497
30
0.0
0
VERTEX
8
CENTERLINE
10
20.857700
20
112.768031
30
0.0
0
VERTEX
8
CENTERLINE
10
20.955166
20
112.768031
30
0.0
0
SEQEND
8
CENTERLINE
0
POLYLINE
8
CENTERLINE
66
1
70
0
0
VERTEX
8
CENTERLINE
10
60.233918
20
135.672515
30
0.0
0
VERTEX
8
CENTERLINE
10
60.136452
20
135.672515
30
0.0
0
VERTEX
8
CENTERLINE
10
60.038986
20
135.769981
30
0.0
0
VERTEX
8
CENTERLINE
10
59.746589
20
135.769981
30
0.0
0
VERTEX
8
CENTERLINE
10
59.649123
20
135.867446
30
0.0
0
VERTEX
8
CENTERLINE
10
59.649123
20
135.964912
30
0.0
0
SEQEND
8
CENTERLINE
0
POLYLINE
8
CENTERLINE
66
1
70
0
0
VERTEX
8
CENTERLINE
10
41.325536
20
136.647173
30
0.0
0
VERTEX
8
CENTERLINE
10
41.228070
20
136.549708
30
0.0
0
VERTEX
8
CENTERLINE
10
41.130604
20
136.549708
30
0.0
0
VERTEX
8
CENTERLINE
10
40.935673
20
136.354776
30
0.0
0
VERTEX
8
CENTERLINE
10
40.838207
20
136.354776
30
0.0
0
VERTEX
8
CENTERLINE
10
40.740741
20
136.257310
30
0.0
0
SEQEND
8
CENTERLINE
0
POLYLINE
8
CENTERLINE
66
1
70
0
0
VERTEX
8
CENTERLINE
10
17.738791
20
36.647173
30
0.0
0
VERTEX
8
CENTERLINE
10
17.543860
20
36.647173
30
0.0
0
VERTEX
8
CENTERLINE
10
17.446394
20
36.549708
30
0.0
0
VERTEX
8
CENTERLINE
10
17.348928
20
36.549708
30
0.0
0
VERTEX
8
CENTERLINE
10
17.251462
20
36.452242
30
0.0
0
VERTEX
8
CENTERLINE
10
17.153996
20
36.452242
30
0.0
0
SEQEND
8
CENTERLINE
0
POLYLINE
8
CENTERLINE
66
1
70
0
0
VERTEX
8
CENTERLINE
10
65.789474
20
66.179337
30
0.0
0
VERTEX
8
CENTERLINE
10
65.886940
20
66.179337
30
0.0
0
VERTEX
8
CENTERLINE
10
65.984405
20
66.081871
30
0.0
0
VERTEX
8
CENTERLINE
10
66.764133
20
66.081871
30
0.0
0
SEQEND
8
CENTERLINE
0
POLYLINE
8
CENTERLINE
66
1
70
0
0
VERTEX
8
CENTERLINE
10
22.417154
20
70.077973
30
0.0
0
VERTEX
8
CENTERLINE
10
22.319688
20
70.175439
30
0.0
0
VERTEX
8
CENTERLINE
10
22.222222
20
70.175439
30
0.0
0
VERTEX
8
CENTERLINE
10
22.124756
20
70.272904
30
0.0
0
VERTEX
8
CENTERLINE
10
22.027290
20
70.272904
30
0.0
0
VERTEX
8
CENTERLINE
10
21.929825
20
70.370370
30
0.0
0
VERTEX
8
CENTERLINE
10
21.734893
20
70.370370
30
0.0
0
VERTEX
8
CENTERLINE
10
21.637427
20
70.467836
30
0.0
0
VERTEX
8
CENTERLINE
10
21.345029
20
70.467836
30
0.0
0
VERTEX
8
CENTERLINE
10
21.247563
20
70.565302
30
0.0
0
VERTEX
8
CENTERLINE
10
19.298246
20
70.565302
30
0.0
0
VERTEX
8
CENTERLINE
10
19.200780
20
70.662768
30
0.0
0
VERTEX
8
CENTERLINE
10
18.323587
20
70.662768
30
0.0
0
SEQEND
8
CENTERLINE
0
POLYLINE
8
CENTERLINE
66
1
70
0
0
VERTEX
8
CENTERLINE
10
67.641326
20
68.810916
30
0.0
0
VERTEX
8
CENTERLINE
10
67.641326
20
69.005848
30
0.0
0
VERTEX
8
CENTERLINE
10
66.959064
20
69.688109
30
0.0
0
SEQEND
8
CENTERLINE
0
POLYLINE
8
CENTERLINE
66
1
70
0
0
VERTEX
8
CENTERLINE
10
32.066277
20
63.352827
30
0.0
0
VERTEX
8
CENTERLINE
10
32.066277
20
63.060429
30
0.0
0
VERTEX
8
CENTERLINE
10
31.968811
20
62.962963
30
0.0
0
SEQEND
8
CENTERLINE
0
POLYLINE
8
CENTERLINE
66
1
70
0
0
VERTEX
8
CENTERLINE
10
10.916179
20
33.528265
30
0.0
0
VERTEX
8
CENTERLINE
10
10.916179
20
33.625731
30
0.0
0
VERTEX
8
CENTERLINE
10
11.111111
20
33.820663
30
0.0
0
SEQEND
8
CENTERLINE
0
POLYLINE
8
CENTERLINE
66
1
70
0
0
VERTEX
8
CENTERLINE
10
18.421053
20
37.037037
30
0.0
0
VERTEX
8
CENTERLINE
10
18.518519
20
37.134503
30
0.0
0
VERTEX
8
CENTERLINE
10
18.810916
20
37.134503
30
0.0
0
VERTEX
8
CENTERLINE
10
18.908382
20
37.231969
30
0.0
0
VERTEX
8
CENTERLINE
10
19.200780
20
37.231969
30
0.0
0
VERTEX
8
CENTERLINE
10
19.298246
20
37.329435
30
0.0
0
VERTEX
8
CENTERLINE
10
19.395712
20
37.329435
30
0.0
0
VERTEX
8
CENTERLINE
10
19.493177
20
37.426901
30
0.0
0
VERTEX
8
CENTERLINE
10
19.590643
20
37.426901
30
0.0
0
VERTEX
8
CENTERLINE
10
19.688109
20
37.524366
30
0.0
0
VERTEX
8
CENTERLINE
10
20.272904
20
37.524366
30
0.0
0
VERTEX
8
CENTERLINE
10
20.370370
20
37.621832
30
0.0
0
VERTEX
8
CENTERLINE
10
20.370370
20
37.719298
30
0.0
0
SEQEND
8
CENTERLINE
0
POLYLINE
8
CENTERLINE
66
1
70
0
0
VERTEX
8
CENTERLINE
10
68.323587
20
64.424951
30
0.0
0
VERTEX
8
CENTERLINE
10
68.323587
20
64.619883
30
0.0
0
VERTEX
8
CENTERLINE
10
68.226121
20
64.717349
30
0.0
0
VERTEX
8
CENTERLINE
10
68.226121
20
64.814815
30
0.0
0
SEQEND
8
CENTERLINE
0
POLYLINE
8
CENTERLINE
66
1
70
0
0
VERTEX
8
CENTERLINE
10
49.512671
20
9.746589
30
0.0
0
VERTEX
8
CENTERLINE
10
49.805068
20
9.746589
30
0.0
0
SEQEND
8
CENTERLINE
0
POLYLINE
8
CENTERLINE
66
1
70
0
0
VERTEX
8
CENTERLINE
10
66.959064
20
66.276803
30
0.0
0
VERTEX
8
CENTERLINE
10
66.959064
20
66.374269
30
0.0
0
VERTEX
8
CENTERLINE
10
66.861598
20
66.471735
30
0.0
0
VERTEX
8
CENTERLINE
10
66.861598
20
67.251462
30
0.0
0
VERTEX
8
CENTERLINE
10
66.764133
20
67.348928
30
0.0
0
VERTEX
8
CENTERLINE
10
66.764133
20
67.446394
30
0.0
0
VERTEX
8
CENTERLINE
10
66.569201
20
67.641326
30
0.0
0
SEQEND
8
CENTERLINE
0
POLYLINE
8
CENTERLINE
66
1
70
0
0
VERTEX
8
CENTERLINE
10
63.840156
20
133.528265
30
0.0
0
VERTEX
8
CENTERLINE
10
63.937622
20
133.528265
30
0.0
0
VERTEX
8
CENTERLINE
10
64.035088
20
133.430799
30
0.0
0
VERTEX
8
CENTERLINE
10
64.132554
20
133.430799
30
0.0
0
VERTEX
8
CENTERLINE
10
64.230019
20
133.333333
30
0.0
0
SEQEND
8
CENTERLINE
0
POLYLINE
8
CENTERLINE
66
1
70
0
0
VERTEX
8
CENTERLINE
10
86.354776
20
116.081871
30
0.0
0
VERTEX
8
CENTERLINE
10
86.354776
20
115.984405
30
0.0
0
VERTEX
8
CENTERLINE
10
86.257310
20
115.886940
30
0.0
0
VERTEX
8
CENTERLINE
10
86.257310
20
115.789474
30
0.0
0
VERTEX
8
CENTERLINE
10
86.159844
20
115.692008
30
0.0
0
VERTEX
8
CENTERLINE
10
85.867446
20
115.692008
30
0.0
0
VERTEX
8
CENTERLINE
10
85.769981
20
115.789474
30
0.0
0
SEQEND
8
CENTERLINE
0
POLYLINE
8
CENTERLINE
66
1
70
0
0
VERTEX
8
CENTERLINE
10
64.327485
20
133.235867
30
0.0
0
VERTEX
8
CENTERLINE
10
64.424951
20
133.138402
30
0.0
0
VERTEX
8
CENTERLINE
10
64.424951
20
133.040936
30
0.0
0
VERTEX
8
CENTERLINE
10
64.717349
20
132.748538
30
0.0
0
VERTEX
8
CENTERLINE
10
64.912281
20
132.748538
30
0.0
0
VERTEX
8
CENTERLINE
10
65.009747
20
132.651072
30
0.0
0
VERTEX
8
CENTERLINE
10
65.497076
20
132.651072
30
0.0
0
VERTEX
8
CENTERLINE
10
65.594542
20
132.553606
30
0.0
0
VERTEX
8
CENTERLINE
10
65.692008
20
132.553606
30
0.0
0
VERTEX
8
CENTERLINE
10
65.984405
20
132.261209
30
0.0
0
VERTEX
8
CENTERLINE
10
66.081871
20
132.261209
30
0.0
0
VERTEX
8
CENTERLINE
10
66.179337
20
132.163743
30
0.0
0
SEQEND
8
CENTERLINE
0
POLYLINE
8
CENTERLINE
66
1
70
0
0
VERTEX
8
CENTERLINE
10
37.816764
20
45.321637
30
0.0
0
VERTEX
8
CENTERLINE
10
37.719298
20
45.224172
30
0.0
0
VERTEX
8
CENTERLINE
10
37.524366
20
45.224172
30
0.0
0
VERTEX
8
CENTERLINE
10
37.426901
20
45.126706
30
0.0
0
VERTEX
8
CENTERLINE
10
37.329435
20
45.126706
30
0.0
0
VERTEX
8
CENTERLINE
10
37.231969
20
45.029240
30
0.0
0
VERTEX
8
CENTERLINE
10
37.037037
20
45.029240
30
0.0
0
VERTEX
8
CENTERLINE
10
36.842105
20
44.834308
30
0.0
0
VERTEX
8
CENTERLINE
10
36.744639
20
44.834308
30
0.0
0
VERTEX
8
CENTERLINE
10
36.647173
20
44.736842
30
0.0
0
VERTEX
8
CENTERLINE
10
36.452242
20
44.736842
30
0.0
0
VERTEX
8
CENTERLINE
10
36.354776
20
44.639376
30
0.0
0
VERTEX
8
CENTERLINE
10
36.257310
20
44.639376
30
0.0
0
VERTEX
8
CENTERLINE
10
36.062378
20
44.444444
30
0.0
0
VERTEX
8
CENTERLINE
10
35.769981
20
44.444444
30
0.0
0
VERTEX
8
CENTERLINE
10
35.672515
20
44.346979
30
0.0
0
VERTEX
8
CENTERLINE
10
35.477583
20
44.346979
30
0.0
0
VERTEX
8
CENTERLINE
10
35.380117
20
44.249513
30
0.0
0
VERTEX
8
CENTERLINE
10
35.282651
20
44.249513
30
0.0
0
VERTEX
8
CENTERLINE
10
35.185185
20
44.152047
30
0.0
0
VERTEX
8
CENTERLINE
10
34.990253
20
44.152047
30
0.0
0
VERTEX
8
CENTERLINE
10
34.892788
20
44.054581
30
0.0
0
VERTEX
8
CENTERLINE
10
34.600390
20
44.054581
30
0.0
0
VERTEX
8
CENTERLINE
10
34.502924
20
43.957115
30
0.0
0
SEQEND
8
CENTERLINE
0
POLYLINE
8
CENTERLINE
66
1
70
0
0
VERTEX
8
CENTERLINE
10
47.465887
20
140.448343
30
0.0
0
VERTEX
8
CENTERLINE
10
47.563353
20
140.448343
30
0.0
0
VERTEX
8
CENTERLINE
10
47.660819
20
140.545809
30
0.0
0
VERTEX
8
CENTERLINE
10
47.953216
20
140.545809
30
0.0
0
VERTEX
8
CENTERLINE
10
48.050682
20
140.643275
30
0.0
0
VERTEX
8
CENTERLINE
10
48.343080
20
140.643275
30
0.0
0
SEQEND
8
CENTERLINE
0
POLYLINE
8
CENTERLINE
66
1
70
0
0
VERTEX
8
CENTERLINE
10
76.510721
20
111.695906
30
0.0
0
VERTEX
8
CENTERLINE
10
76.315789
20
111.695906
30
0.0
0
VERTEX
8
CENTERLINE
10
76.218324
20
111.598441
30
0.0
0
VERTEX
8
CENTERLINE
10
76.023392
20
111.598441
30
0.0
0
VERTEX
8
CENTERLINE
10
75.828460
20
111.403509
30
0.0
0
VERTEX
8
CENTERLINE
10
75.438596
20
111.403509
30
0.0
0
VERTEX
8
CENTERLINE
10
75.243665
20
111.208577
30
0.0
0
VERTEX
8
CENTERLINE
10
75.146199
20
111.208577
30
0.0
0
VERTEX
8
CENTERLINE
10
75.048733
20
111.111111
30
0.0
0
VERTEX
8
CENTERLINE
10
74.951267
20
111.111111
30
0.0
0
VERTEX
8
CENTERLINE
10
74.853801
20
111.013645
30
0.0
0
VERTEX
8
CENTERLINE
10
74.756335
20
111.013645
30
0.0
0
SEQEND
8
CENTERLINE
0
POLYLINE
8
CENTERLINE
66
1
70
0
0
VERTEX
8
CENTERLINE
10
81.773879
20
59.746589
30
0.0
0
VERTEX
8
CENTERLINE
10
81.871345
20
59.649123
30
0.0
0
VERTEX
8
CENTERLINE
10
81.871345
20
59.064327
30
0.0
0
VERTEX
8
CENTERLINE
10
81.773879
20
58.966862
30
0.0
0
VERTEX
8
CENTERLINE
10
81.773879
20
58.284600
30
0.0
0
VERTEX
8
CENTERLINE
10
81.676413
20
58.187135
30
0.0
0
VERTEX
8
CENTERLINE
10
81.676413
20
57.992203
30
0.0
0
VERTEX
8
CENTERLINE
10
81.578947
20
57.894737
30
0.0
0
SEQEND
8
CENTERLINE
0
POLYLINE
8
CENTERLINE
66
1
70
0
0
VERTEX
8
CENTERLINE
10
20.565302
20
79.337232
30
0.0
0
VERTEX
8
CENTERLINE
10
20.662768
20
79.434698
30
0.0
0
VERTEX
8
CENTERLINE
10
20.662768
20
79.532164
30
0.0
0
VERTEX
8
CENTERLINE
10
20.760234
20
79.629630
30
0.0
0
SEQEND
8
CENTERLINE
0
POLYLINE
8
CENTERLINE
66
1
70
0
0
VERTEX
8
CENTERLINE
10
52.826511
20
139.961014
30
0.0
0
VERTEX
8
CENTERLINE
10
52.729045
20
140.058480
30
0.0
0
VERTEX
8
CENTERLINE
10
52.631579
20
140.058480
30
0.0
0
VERTEX
8
CENTERLINE
10
52.436647
20
140.253411
30
0.0
0
VERTEX
8
CENTERLINE
10
52.241715
20
140.253411
30
0.0
0
VERTEX
8
CENTERLINE
10
52.144250
20
140.350877
30
0.0
0
VERTEX
8
CENTERLINE
10
52.046784
20
140.350877
30
0.0
0
VERTEX
8
CENTERLINE
10
51.949318
20
140.448343
30
0.0
0
VERTEX
8
CENTERLINE
10
51.851852
20
140.448343
30
0.0
0
SEQEND
8
CENTERLINE
0
POLYLINE
8
CENTERLINE
66
1
70
0
0
VERTEX
8
CENTERLINE
10
69.298246
20
86.647173
30
0.0
0
VERTEX
8
CENTERLINE
10
69.395712
20
86.549708
30
0.0
0
VERTEX
8
CENTERLINE
10
69.395712
20
85.769981
30
0.0
0
VERTEX
8
CENTERLINE
10
69.493177
20
85.672515
30
0.0
0
VERTEX
8
CENTERLINE
10
69.493177
20
84.600390
30
0.0
0
VERTEX
8
CENTERLINE
10
69.590643
20
84.502924
30
0.0
0
VERTEX
8
CENTERLINE
10
69.590643
20
83.918129
30
0.0
0
SEQEND
8
CENTERLINE
0
POLYLINE
8
CENTERLINE
66
1
70
0
0
VERTEX
8
CENTERLINE
10
83.625731
20
121.637427
30
0.0
0
VERTEX
8
CENTERLINE
10
83.528265
20
121.637427
30
0.0
0
VERTEX
8
CENTERLINE
10
83.430799
20
121.539961
30
0.0
0
VERTEX
8
CENTERLINE
10
83.235867
20
121.539961
30
0.0
0
VERTEX
8
CENTERLINE
10
83.138402
20
121.637427
30
0.0
0
VERTEX
8
CENTERLINE
10
83.040936
20
121.637427
30
0.0
0
SEQEND
8
CENTERLINE
0
POLYLINE
8
CENTERLINE
66
1
70
0
0
VERTEX
8
CENTERLINE
10
36.354776
20
92.495127
30
0.0
0
VERTEX
8
CENTERLINE
10
36.354776
20
92.592593
30
0.0
0
VERTEX
8
CENTERLINE
10
36.452242
20
92.690058
30
0.0
0
VERTEX
8
CENTERLINE
10
36.744639
20
92.690058
30
0.0
0
VERTEX
8
CENTERLINE
10
36.842105
20
92.787524
30
0.0
0
VERTEX
8
CENTERLINE
10
39.278752
20
92.787524
30
0.0
0
VERTEX
8
CENTERLINE
10
39.376218
20
92.690058
30
0.0
0
VERTEX
8
CENTERLINE
10
40.448343
20
92.690058
30
0.0
0
VERTEX
8
CENTERLINE
10
40.545809
20
92.592593
30
0.0
0
VERTEX
8
CENTERLINE
10
40.643275
20
92.592593
30
0.0
0
VERTEX
8
CENTERLINE
10
40.740741
20
92.690058
30
0.0
0
SEQEND
8
CENTERLINE
0
POLYLINE
8
CENTERLINE
66
1
70
0
0
VERTEX
8
CENTERLINE
10
13.157895
20
30.311891
30
0.0
0
VERTEX
8
CENTERLINE
10
13.060429
20
30.409357
30
0.0
0
VERTEX
8
CENTERLINE
10
12.670565
20
30.409357
30
0.0
0
VERTEX
8
CENTERLINE
10
12.573099
20
30.506823
30
0.0
0
VERTEX
8
CENTERLINE
10
12.280702
20
30.506823
30
0.0
0
VERTEX
8
CENTERLINE
10
12.085770
20
30.701754
30
0.0
0
VERTEX
8
CENTERLINE
10
12.085770
20
30.896686
30
0.0
0
VERTEX
8
CENTERLINE
10
11.988304
20
30.994152
30
0.0
0
VERTEX
8
CENTERLINE
10
11.988304
20
31.091618
30
0.0
0
SEQEND
8
CENTERLINE
0
POLYLINE
8
CENTERLINE
66
1
70
0
0
VERTEX
8
CENTERLINE
10
57.504873
20
63.840156
30
0.0
0
VERTEX
8
CENTERLINE
10
57.504873
20
70.370370
30
0.0
0
VERTEX
8
CENTERLINE
10
57.602339
20
70.467836
30
0.0
0
SEQEND
8
CENTERLINE
0
POLYLINE
8
CENTERLINE
66
1
70
0
0
VERTEX
8
CENTERLINE
10
27.387914
20
128.557505
30
0.0
0
VERTEX
8
CENTERLINE
10
27.192982
20
128.557505
30
0.0
0
VERTEX
8
CENTERLINE
10
26.803119
20
128.167641
30
0.0
0
VERTEX
8
CENTERLINE
10
26.608187
20
128.167641
30
0.0
0
VERTEX
8
CENTERLINE
10
26.413255
20
127.972710
30
0.0
0
VERTEX
8
CENTERLINE
10
25.633528
20
127.972710
30
0.0
0
VERTEX
8
CENTERLINE
10
25.438596
20
127.777778
30
0.0
0
VERTEX
8
CENTERLINE
10
25.438596
20
127.582846
30
0.0
0
VERTEX
8
CENTERLINE
10
25.341131
20
127.485380
30
0.0
0
VERTEX
8
CENTERLINE
10
25.341131
20
127.387914
30
0.0
0
SEQEND
8
CENTERLINE
0
POLYLINE
8
CENTERLINE
66
1
70
0
0
VERTEX
8
CENTERLINE
10
45.808967
20
81.578947
30
0.0
0
VERTEX
8
CENTERLINE
10
45.808967
20
81.773879
30
0.0
0
VERTEX
8
CENTERLINE
10
45.906433
20
81.871345
30
0.0
0
VERTEX
8
CENTERLINE
10
45.906433
20
82.163743
30
0.0
0
SEQEND
8
CENTERLINE
0
POLYLINE
8
CENTERLINE
66
1
70
0
0
VERTEX
8
CENTERLINE
10
55.263158
20
12.280702
30
0.0
0
VERTEX
8
CENTERLINE
10
55.068226
20
12.085770
30
0.0
0
VERTEX
8
CENTERLINE
10
54.873294
20
12.085770
30
0.0
0
VERTEX
8
CENTERLINE
10
54.775828
20
11.988304
30
0.0
0
SEQEND
8
CENTERLINE
0
POLYLINE
8
CENTERLINE
66
1
70
0
0
VERTEX
8
CENTERLINE
10
13.547758
20
115.886940
30
0.0
0
VERTEX
8
CENTERLINE
10
13.840156
20
115.886940
30
0.0
0
VERTEX
8
CENTERLINE
10
13.937622
20
115.789474
30
0.0
0
VERTEX
8
CENTERLINE
10
14.035088
20
115.789474
30
0.0
0
VERTEX
8
CENTERLINE
10
14.132554
20
115.692008
30
0.0
0
VERTEX
8
CENTERLINE
10
14.230019
20
115.692008
30
0.0
0
VERTEX
8
CENTERLINE
10
14.327485
20
115.594542
30
0.0
0
VERTEX
8
CENTERLINE
10
14.424951
20
115.594542
30
0.0
0
VERTEX
8
CENTERLINE
10
14.522417
20
115.497076
30
0.0
0
VERTEX
8
CENTERLINE
10
14.619883
20
115.497076
30
0.0
0
VERTEX
8
CENTERLINE
10
14.717349
20
115.594542
30
0.0
0
VERTEX
8
CENTERLINE
10
14.814815
20
115.594542
30
0.0
0
VERTEX
8
CENTERLINE
10
14.912281
20
115.497076
30
0.0
0
VERTEX
8
CENTERLINE
10
15.107212
20
115.497076
30
0.0
0
VERTEX
8
CENTERLINE
10
15.204678
20
115.399610
30
0.0
0
SEQEND
8
CENTERLINE
0
POLYLINE
8
CENTERLINE
66
1
70
0
0
VERTEX
8
CENTERLINE
10
20.760234
20
92.007797
30
0.0
0
VERTEX
8
CENTERLINE
10
20.955166
20
91.812865
30
0.0
0
VERTEX
8
CENTERLINE
10
20.955166
20
91.715400
30
0.0
0
VERTEX
8
CENTERLINE
10
21.052632
20
91.617934
30
0.0
0
VERTEX
8
CENTERLINE
10
21.052632
20
91.423002
30
0.0
0
VERTEX
8
CENTERLINE
10
21.150097
20
91.325536
30
0.0
0
VERTEX
8
CENTERLINE
10
21.150097
20
91.033138
30
0.0
0
VERTEX
8
CENTERLINE
10
21.247563
20
90.935673
30
0.0
0
VERTEX
8
CENTERLINE
10
21.247563
20
90.155945
30
0.0
0
VERTEX
8
CENTERLINE
10
21.345029
20
90.058480
30
0.0
0
VERTEX
8
CENTERLINE
10
21.345029
20
89.668616
30
0.0
0
SEQEND
8
CENTERLINE
0
POLYLINE
8
CENTERLINE
66
1
70
0
0
VERTEX
8
CENTERLINE
10
22.222222
20
112.183236
30
0.0
0
VERTEX
8
CENTERLINE
10
22.319688
20
112.183236
30
0.0
0
VERTEX
8
CENTERLINE
10
22.417154
20
112.085770
30
0.0
0
VERTEX
8
CENTERLINE
10
22.514620
20
112.085770
30
0.0
0
VERTEX
8
CENTERLINE
10
22.612086
20
111.988304
30
0.0
0
VERTEX
8
CENTERLINE
10
22.709552
20
111.988304
30
0.0
0
VERTEX
8
CENTERLINE
10
22.807018
20
111.890838
30
0.0
0
VERTEX
8
CENTERLINE
10
23.099415
20
111.890838
30
0.0
0
VERTEX
8
CENTERLINE
10
23.196881
20
111.793372
30
0.0
0
VERTEX
8
CENTERLINE
10
23.489279
20
111.793372
30
0.0
0
VERTEX
8
CENTERLINE
10
23.586745
20
111.695906
30
0.0
0
VERTEX
8
CENTERLINE
10
23.781676
20
111.695906
30
0.0
0
VERTEX
8
CENTERLINE
10
23.879142
20
111.598441
30
0.0
0
SEQEND
8
CENTERLINE
0
POLYLINE
8
CENTERLINE
66
1
70
0
0
VERTEX
8
CENTERLINE
10
31.481481
20
130.896686
30
0.0
0
VERTEX
8
CENTERLINE
10
31.286550
20
130.896686
30
0.0
0
VERTEX
8
CENTERLINE
10
31.091618
20
130.701754
30
0.0
0
SEQEND
8
CENTERLINE
0
POLYLINE
8
CENTERLINE
66
1
70
0
0
VERTEX
8
CENTERLINE
10
67.348928
20
64.132554
30
0.0
0
VERTEX
8
CENTERLINE
10
67.348928
20
64.814815
30
0.0
0
SEQEND
8
CENTERLINE
0
POLYLINE
8
CENTERLINE
66
1
70
0
0
VERTEX
8
CENTERLINE
10
85.672515
20
35.087719
30
0.0
0
VERTEX
8
CENTERLINE
10
85.575049
20
35.087719
30
0.0
0
VERTEX
8
CENTERLINE
10
85.477583
20
35.185185
30
0.0
0
VERTEX
8
CENTERLINE
10
85.380117
20
35.185185
30
0.0
0
VERTEX
8
CENTERLINE
10
85.282651
20
35.282651
30
0.0
0
VERTEX
8
CENTERLINE
10
85.185185
20
35.282651
30
0.0
0
VERTEX
8
CENTERLINE
10
85.087719
20
35.380117
30
0.0
0
SEQEND
8
CENTERLINE
0
POLYLINE
8
CENTERLINE
66
1
70
0
0
VERTEX
8
CENTERLINE
10
62.085770
20
70.662768
30
0.0
0
VERTEX
8
CENTERLINE
10
60.331384
20
70.662768
30
0.0
0
VERTEX
8
CENTERLINE
10
60.233918
20
70.760234
30
0.0
0
VERTEX
8
CENTERLINE
10
58.089669
20
70.760234
30
0.0
0
VERTEX
8
CENTERLINE
10
57.992203
20
70.662768
30
0.0
0
VERTEX
8
CENTERLINE
10
57.797271
20
70.662768
30
0.0
0
VERTEX
8
CENTERLINE
10
57.699805
20
70.565302
30
0.0
0
SEQEND
8
CENTERLINE
0
POLYLINE
8
CENTERLINE
66
1
70
0
0
VERTEX
8
CENTERLINE
10
70.955166
20
57.212476
30
0.0
0
VERTEX
8
CENTERLINE
10
71.052632
20
57.212476
30
0.0
0
VERTEX
8
CENTERLINE
10
71.150097
20
57.309942
30
0.0
0
VERTEX
8
CENTERLINE
10
71.247563
20
57.309942
30
0.0
0
VERTEX
8
CENTERLINE
10
71.345029
20
57.407407
30
0.0
0
VERTEX
8
CENTERLINE
10
71.345029
20
57.602339
30
0.0
0
VERTEX
8
CENTERLINE
10
71.442495
20
57.699805
30
0.0
0
VERTEX
8
CENTERLINE
10
71.442495
20
57.797271
30
0.0
0
VERTEX
8
CENTERLINE
10
71.539961
20
57.894737
30
0.0
0
VERTEX
8
CENTERLINE
10
71.539961
20
58.089669
30
0.0
0
VERTEX
8
CENTERLINE
10
71.734893
20
58.284600
30
0.0
0
VERTEX
8
CENTERLINE
10
71.734893
20
58.966862
30
0.0
0
VERTEX
8
CENTERLINE
10
71.832359
20
59.064327
30
0.0
0
VERTEX
8
CENTERLINE
10
71.832359
20
60.038986
30
0.0
0
VERTEX
8
CENTERLINE
10
71.734893
20
60.136452
30
0.0
0
VERTEX
8
CENTERLINE
10
71.734893
20
60.526316
30
0.0
0
VERTEX
8
CENTERLINE
10
71.637427
20
60.623782
30
0.0
0
VERTEX
8
CENTERLINE
10
71.637427
20
60.721248
30
0.0
0
VERTEX
8
CENTERLINE
10
71.539961
20
60.818713
30
0.0
0
VERTEX
8
CENTERLINE
10
71.539961
20
60.916179
30
0.0
0
VERTEX
8
CENTERLINE
10
71.247563
20
61.208577
30
0.0
0
VERTEX
8
CENTERLINE
10
71.247563
20
61.500975
30
0.0
0
SEQEND
8
CENTERLINE
0
POLYLINE
8
CENTERLINE
66
1
70
0
0
VERTEX
8
CENTERLINE
10
13.840156
20
34.892788
30
0.0
0
VERTEX
8
CENTERLINE
10
13.742690
20
34.892788
30
0.0
0
VERTEX
8
CENTERLINE
10
13.645224
20
34.795322
30
0.0
0
VERTEX
8
CENTERLINE
10
13.450292
20
34.795322
30
0.0
0
VERTEX
8
CENTERLINE
10
13.352827
20
34.697856
30
0.0
0
VERTEX
8
CENTERLINE
10
13.255361
20
34.697856
30
0.0
0
VERTEX
8
CENTERLINE
10
13.157895
20
34.600390
30
0.0
0
VERTEX
8
CENTERLINE
10
12.962963
20
34.600390
30
0.0
0
SEQEND
8
CENTERLINE
0
POLYLINE
8
CENTERLINE
66
1
70
0
0
VERTEX
8
CENTERLINE
10
22.319688
20
25.146199
30
0.0
0
VERTEX
8
CENTERLINE
10
22.222222
20
25.243665
30
0.0
0
VERTEX
8
CENTERLINE
10
22.027290
20
25.243665
30
0.0
0
SEQEND
8
CENTERLINE
0
POLYLINE
8
CENTERLINE
66
1
70
0
0
VERTEX
8
CENTERLINE
10
28.362573
20
128.947368
30
0.0
0
VERTEX
8
CENTERLINE
10
28.265107
20
128.849903
30
0.0
0
VERTEX
8
CENTERLINE
10
27.972710
20
128.849903
30
0.0
0
VERTEX
8
CENTERLINE
10
27.875244
20
128.752437
30
0.0
0
VERTEX
8
CENTERLINE
10
27.777778
20
128.752437
30
0.0
0
VERTEX
8
CENTERLINE
10
27.680312
20
128.654971
30
0.0
0
VERTEX
8
CENTERLINE
10
27.582846
20
128.654971
30
0.0
0
SEQEND
8
CENTERLINE
0
POLYLINE
8
CENTERLINE
66
1
70
0
0
VERTEX
8
CENTERLINE
10
32.748538
20
69.493177
30
0.0
0
VERTEX
8
CENTERLINE
10
32.748538
20
69.395712
30
0.0
0
VERTEX
8
CENTERLINE
10
32.846004
20
69.298246
30
0.0
0
VERTEX
8
CENTERLINE
10
32.846004
20
68.908382
30
0.0
0
VERTEX
8
CENTERLINE
10
32.943470
20
68.810916
30
0.0
0
VERTEX
8
CENTERLINE
10
32.943470
20
68.128655
30
0.0
0
VERTEX
8
CENTERLINE
10
33.040936
20
68.031189
30
0.0
0
VERTEX
8
CENTERLINE
10
33.040936
20
67.446394
30
0.0
0
VERTEX
8
CENTERLINE
10
33.138402
20
67.348928
30
0.0
0
VERTEX
8
CENTERLINE
10
33.138402
20
66.764133
30
0.0
0
VERTEX
8
CENTERLINE
10
33.040936
20
66.666667
30
0.0
0
VERTEX
8
CENTERLINE
10
33.138402
20
66.569201
30
0.0
0
VERTEX
8
CENTERLINE
10
33.138402
20
66.081871
30
0.0
0
VERTEX
8
CENTERLINE
10
33.040936
20
65.984405
30
0.0
0
VERTEX
8
CENTERLINE
10
33.040936
20
65.302144
30
0.0
0
VERTEX
8
CENTERLINE
10
32.943470
20
65.204678
30
0.0
0
VERTEX
8
CENTERLINE
10
32.943470
20
65.107212
30
0.0
0
VERTEX
8
CENTERLINE
10
32.846004
20
65.009747
30
0.0
0
VERTEX
8
CENTERLINE
10
32.846004
20
64.522417
30
0.0
0
SEQEND
8
CENTERLINE
0
POLYLINE
8
CENTERLINE
66
1
70
0
0
VERTEX
8
CENTERLINE
10
67.348928
20
65.692008
30
0.0
0
VERTEX
8
CENTERLINE
10
67.446394
20
65.594542
30
0.0
0
VERTEX
8
CENTERLINE
10
67.446394
20
65.497076
30
0.0
0
VERTEX
8
CENTERLINE
10
67.543860
20
65.399610
30
0.0
0
SEQEND
8
CENTERLINE
0
POLYLINE
8
CENTERLINE
66
1
70
0
0
VERTEX
8
CENTERLINE
10
15.009747
20
29.434698
30
0.0
0
VERTEX
8
CENTERLINE
10
15.107212
20
29.337232
30
0.0
0
VERTEX
8
CENTERLINE
10
15.107212
20
29.239766
30
0.0
0
VERTEX
8
CENTERLINE
10
15.204678
20
29.142300
30
0.0
0
VERTEX
8
CENTERLINE
10
15.302144
20
29.142300
30
0.0
0
SEQEND
8
CENTERLINE
0
POLYLINE
8
CENTERLINE
66
1
70
0
0
VERTEX
8
CENTERLINE
10
52.923977
20
10.916179
30
0.0
0
VERTEX
8
CENTERLINE
10
52.826511
20
10.916179
30
0.0
0
VERTEX
8
CENTERLINE
10
52.534113
20
10.623782
30
0.0
0
SEQEND
8
CENTERLINE
0
POLYLINE
8
CENTERLINE
66
1
70
0
0
VERTEX
8
CENTERLINE
10
82.748538
20
36.257310
30
0.0
0
VERTEX
8
CENTERLINE
10
82.846004
20
36.354776
30
0.0
0
VERTEX
8
CENTERLINE
10
82.846004
20
36.452242
30
0.0
0
VERTEX
8
CENTERLINE
10
82.748538
20
36.549708
30
0.0
0
SEQEND
8
CENTERLINE
0
POLYLINE
8
CENTERLINE
66
1
70
0
0
VERTEX
8
CENTERLINE
10
32.651072
20
43.274854
30
0.0
0
VERTEX
8
CENTERLINE
10
33.333333
20
43.274854
30
0.0
0
VERTEX
8
CENTERLINE
10
33.430799
20
43.372320
30
0.0
0
SEQEND
8
CENTERLINE
0
POLYLINE
8
CENTERLINE
66
1
70
0
0
VERTEX
8
CENTERLINE
10
78.265107
20
38.304094
30
0.0
0
VERTEX
8
CENTERLINE
10
78.362573
20
38.206628
30
0.0
0
VERTEX
8
CENTERLINE
10
78.654971
20
38.206628
30
0.0
0
VERTEX
8
CENTERLINE
10
78.752437
20
38.109162
30
0.0
0
VERTEX
8
CENTERLINE
10
78.849903
20
38.109162
30
0.0
0
VERTEX
8
CENTERLINE
10
78.947368
20
38.011696
30
0.0
0
VERTEX
8
CENTERLINE
10
79.044834
20
38.011696
30
0.0
0
VERTEX
8
CENTERLINE
10
79.142300
20
37.914230
30
0.0
0
VERTEX
8
CENTERLINE
10
79.239766
20
37.914230
30
0.0
0
VERTEX
8
CENTERLINE
10
79.337232
20
37.816764
30
0.0
0
VERTEX
8
CENTERLINE
10
79.434698
20
37.816764
30
0.0
0
VERTEX
8
CENTERLINE
10
79.532164
20
37.719298
30
0.0
0
VERTEX
8
CENTERLINE
10
79.629630
20
37.719298
30
0.0
0
VERTEX
8
CENTERLINE
10
79.727096
20
37.621832
30
0.0
0
VERTEX
8
CENTERLINE
10
79.824561
20
37.621832
30
0.0
0
VERTEX
8
CENTERLINE
10
79.922027
20
37.524366
30
0.0
0
VERTEX
8
CENTERLINE
10
80.019493
20
37.524366
30
0.0
0
SEQEND
8
CENTERLINE
0
POLYLINE
8
CENTERLINE
66
1
70
0
0
VERTEX
8
CENTERLINE
10
68.908382
20
108.382066
30
0.0
0
VERTEX
8
CENTERLINE
10
68.226121
20
108.382066
30
0.0
0
SEQEND
8
CENTERLINE
0
POLYLINE
8
CENTERLINE
66
1
70
0
0
VERTEX
8
CENTERLINE
10
61.306043
20
45.614035
30
0.0
0
VERTEX
8
CENTERLINE
10
61.403509
20
45.614035
30
0.0
0
VERTEX
8
CENTERLINE
10
61.500975
20
45.516569
30
0.0
0
VERTEX
8
CENTERLINE
10
61.598441
20
45.516569
30
0.0
0
VERTEX
8
CENTERLINE
10
61.695906
20
45.419103
30
0.0
0
VERTEX
8
CENTERLINE
10
61.793372
20
45.419103
30
0.0
0
VERTEX
8
CENTERLINE
10
61.890838
20
45.321637
30
0.0
0
SEQEND
8
CENTERLINE
0
POLYLINE
8
CENTERLINE
66
1
70
0
0
VERTEX
8
CENTERLINE
10
16.374269
20
114.717349
30
0.0
0
VERTEX
8
CENTERLINE
10
16.471735
20
114.717349
30
0.0
0
VERTEX
8
CENTERLINE
10
16.569201
20
114.619883
30
0.0
0
VERTEX
8
CENTERLINE
10
16.666667
20
114.619883
30
0.0
0
VERTEX
8
CENTERLINE
10
16.764133
20
114.522417
30
0.0
0
VERTEX
8
CENTERLINE
10
16.861598
20
114.522417
30
0.0
0
SEQEND
8
CENTERLINE
0
POLYLINE
8
CENTERLINE
66
1
70
0
0
VERTEX
8
CENTERLINE
10
27.485380
20
22.124756
30
0.0
0
VERTEX
8
CENTERLINE
10
27.387914
20
22.124756
30
0.0
0
VERTEX
8
CENTERLINE
10
27.290448
20
22.222222
30
0.0
0
VERTEX
8
CENTERLINE
10
27.192982
20
22.222222
30
0.0
0
SEQEND
8
CENTERLINE
0
POLYLINE
8
CENTERLINE
66
1
70
0
0
VERTEX
8
CENTERLINE
10
12.573099
20
120.175439
30
0.0
0
VERTEX
8
CENTERLINE
10
12.962963
20
120.175439
30
0.0
0
VERTEX
8
CENTERLINE
10
13.060429
20
120.272904
30
0.0
0
VERTEX
8
CENTERLINE
10
13.157895
20
120.272904
30
0.0
0
SEQEND
8
CENTERLINE
0
POLYLINE
8
CENTERLINE
66
1
70
0
0
VERTEX
8
CENTERLINE
10
48.830409
20
70.467836
30
0.0
0
VERTEX
8
CENTERLINE
10
48.927875
20
70.565302
30
0.0
0
VERTEX
8
CENTERLINE
10
49.122807
20
70.565302
30
0.0
0
VERTEX
8
CENTERLINE
10
49.220273
20
70.662768
30
0.0
0
VERTEX
8
CENTERLINE
10
49.707602
20
70.662768
30
0.0
0
VERTEX
8
CENTERLINE
10
49.805068
20
70.760234
30
0.0
0
VERTEX
8
CENTERLINE
10
50.779727
20
70.760234
30
0.0
0
VERTEX
8
CENTERLINE
10
50.877193
20
70.662768
30
0.0
0
VERTEX
8
CENTERLINE
10
51.364522
20
70.662768
30
0.0
0
VERTEX
8
CENTERLINE
10
51.656920
20
70.370370
30
0.0
0
VERTEX
8
CENTERLINE
10
51.754386
20
70.370370
30
0.0
0
VERTEX
8
CENTERLINE
10
51.949318
20
70.175439
30
0.0
0
SEQEND
8
CENTERLINE
0
POLYLINE
8
CENTERLINE
66
1
70
0
0
VERTEX
8
CENTERLINE
10
19.590643
20
113.352827
30
0.0
0
VERTEX
8
CENTERLINE
10
19.883041
20
113.352827
30
0.0
0
VERTEX
8
CENTERLINE
10
20.077973
20
113.157895
30
0.0
0
SEQEND
8
CENTERLINE
0
POLYLINE
8
CENTERLINE
66
1
70
0
0
VERTEX
8
CENTERLINE
10
75.925926
20
65.692008
30
0.0
0
VERTEX
8
CENTERLINE
10
76.023392
20
65.594542
30
0.0
0
VERTEX
8
CENTERLINE
10
76.608187
20
65.594542
30
0.0
0
SEQEND
8
CENTERLINE
0
POLYLINE
8
CENTERLINE
66
1
70
0
0
VERTEX
8
CENTERLINE
10
74.366472
20
127.485380
30
0.0
0
VERTEX
8
CENTERLINE
10
74.561404
20
127.290448
30
0.0
0
VERTEX
8
CENTERLINE
10
74.756335
20
127.290448
30
0.0
0
VERTEX
8
CENTERLINE
10
74.853801
20
127.192982
30
0.0
0
VERTEX
8
CENTERLINE
10
75.048733
20
127.192982
30
0.0
0
VERTEX
8
CENTERLINE
10
75.146199
20
127.095517
30
0.0
0
VERTEX
8
CENTERLINE
10
75.243665
20
127.095517
30
0.0
0
VERTEX
8
CENTERLINE
10
75.341131
20
126.998051
30
0.0
0
SEQEND
8
CENTERLINE
0
POLYLINE
8
CENTERLINE
66
1
70
0
0
VERTEX
8
CENTERLINE
10
60.818713
20
134.892788
30
0.0
0
VERTEX
8
CENTERLINE
10
60.818713
20
134.307992
30
0.0
0
VERTEX
8
CENTERLINE
10
60.916179
20
134.210526
30
0.0
0
VERTEX
8
CENTERLINE
10
61.306043
20
134.210526
30
0.0
0
SEQEND
8
CENTERLINE
0
POLYLINE
8
CENTERLINE
66
1
70
0
0
VERTEX
8
CENTERLINE
10
69.980507
20
87.524366
30
0.0
0
VERTEX
8
CENTERLINE
10
69.980507
20
88.011696
30
0.0
0
VERTEX
8
CENTERLINE
10
69.883041
20
88.109162
30
0.0
0
SEQEND
8
CENTERLINE
0
POLYLINE
8
CENTERLINE
66
1
70
0
0
VERTEX
8
CENTERLINE
10
64.619883
20
106.627680
30
0.0
0
VERTEX
8
CENTERLINE
10
64.717349
20
106.725146
30
0.0
0
VERTEX
8
CENTERLINE
10
64.912281
20
106.725146
30
0.0
0
SEQEND
8
CENTERLINE
0
POLYLINE
8
CENTERLINE
66
1
70
0
0
VERTEX
8
CENTERLINE
10
34.600390
20
132.651072
30
0.0
0
VERTEX
8
CENTERLINE
10
34.502924
20
132.553606
30
0.0
0
VERTEX
8
CENTERLINE
10
34.113060
20
132.553606
30
0.0
0
VERTEX
8
CENTERLINE
10
34.015595
20
132.456140
30
0.0
0
SEQEND
8
CENTERLINE
0
POLYLINE
8
CENTERLINE
66
1
70
0
0
VERTEX
8
CENTERLINE
10
11.306043
20
33.918129
30
0.0
0
VERTEX
8
CENTERLINE
10
11.500975
20
33.918129
30
0.0
0
VERTEX
8
CENTERLINE
10
11.598441
20
34.015595
30
0.0
0
VERTEX
8
CENTERLINE
10
11.695906
20
34.015595
30
0.0
0
VERTEX
8
CENTERLINE
10
11.890838
20
34.210526
30
0.0
0
VERTEX
8
CENTERLINE
10
12.573099
20
34.210526
30
0.0
0
VERTEX
8
CENTERLINE
10
12.670565
20
34.307992
30
0.0
0
VERTEX
8
CENTERLINE
10
12.768031
20
34.307992
30
0.0
0
VERTEX
8
CENTERLINE
10
12.865497
20
34.405458
30
0.0
0
VERTEX
8
CENTERLINE
10
12.865497
20
34.502924
30
0.0
0
SEQEND
8
CENTERLINE
0
POLYLINE
8
CENTERLINE
66
1
70
0
0
VERTEX
8
CENTERLINE
10
80.994152
20
27.095517
30
0.0
0
VERTEX
8
CENTERLINE
10
80.799220
20
27.095517
30
0.0
0
VERTEX
8
CENTERLINE
10
80.701754
20
26.998051
30
0.0
0
SEQEND
8
CENTERLINE
0
POLYLINE
8
CENTERLINE
66
1
70
0
0
VERTEX
8
CENTERLINE
10
23.001949
20
64.230019
30
0.0
0
VERTEX
8
CENTERLINE
10
22.904483
20
64.132554
30
0.0
0
VERTEX
8
CENTERLINE
10
22.904483
20
64.035088
30
0.0
0
VERTEX
8
CENTERLINE
10
22.807018
20
63.937622
30
0.0
0
SEQEND
8
CENTERLINE
0
POLYLINE
8
CENTERLINE
66
1
70
0
0
VERTEX
8
CENTERLINE
10
81.286550
20
61.208577
30
0.0
0
VERTEX
8
CENTERLINE
10
81.286550
20
61.013645
30
0.0
0
VERTEX
8
CENTERLINE
10
81.384016
20
60.916179
30
0.0
0
VERTEX
8
CENTERLINE
10
81.384016
20
60.818713
30
0.0
0
VERTEX
8
CENTERLINE
10
81.578947
20
60.623782
30
0.0
0
VERTEX
8
CENTERLINE
10
81.578947
20
60.331384
30
0.0
0
VERTEX
8
CENTERLINE
10
81.676413
20
60.233918
30
0.0
0
VERTEX
8
CENTERLINE
10
81.676413
20
59.844055
30
0.0
0
SEQEND
8
CENTERLINE
0
POLYLINE
8
CENTERLINE
66
1
70
0
0
VERTEX
8
CENTERLINE
10
82.553606
20
123.489279
30
0.0
0
VERTEX
8
CENTERLINE
10
82.943470
20
123.489279
30
0.0
0
VERTEX
8
CENTERLINE
10
83.040936
20
123.391813
30
0.0
0
SEQEND
8
CENTERLINE
0
POLYLINE
8
CENTERLINE
66
1
70
0
0
VERTEX
8
CENTERLINE
10
10.136452
20
33.528265
30
0.0
0
VERTEX
8
CENTERLINE
10
10.233918
20
33.625731
30
0.0
0
VERTEX
8
CENTERLINE
10
10.331384
20
33.625731
30
0.0
0
VERTEX
8
CENTERLINE
10
10.428850
20
33.723197
30
0.0
0
SEQEND
8
CENTERLINE
0
POLYLINE
8
CENTERLINE
66
1
70
0
0
VERTEX
8
CENTERLINE
10
48.343080
20
69.883041
30
0.0
0
VERTEX
8
CENTERLINE
10
48.050682
20
69.590643
30
0.0
0
VERTEX
8
CENTERLINE
10
48.050682
20
69.395712
30
0.0
0
VERTEX
8
CENTERLINE
10
47.953216
20
69.298246
30
0.0
0
VERTEX
8
CENTERLINE
10
47.953216
20
69.103314
30
0.0
0
VERTEX
8
CENTERLINE
10
47.855750
20
69.005848
30
0.0
0
VERTEX
8
CENTERLINE
10
47.855750
20
68.421053
30
0.0
0
VERTEX
8
CENTERLINE
10
47.758285
20
68.323587
30
0.0
0
VERTEX
8
CENTERLINE
10
47.758285
20
67.348928
30
0.0
0
VERTEX
8
CENTERLINE
10
47.660819
20
67.251462
30
0.0
0
VERTEX
8
CENTERLINE
10
47.660819
20
58.869396
30
0.0
0
VERTEX
8
CENTERLINE
10
47.758285
20
58.771930
30
0.0
0
VERTEX
8
CENTERLINE
10
47.758285
20
58.187135
30
0.0
0
VERTEX
8
CENTERLINE
10
47.855750
20
58.089669
30
0.0
0
SEQEND
8
CENTERLINE
0
POLYLINE
8
CENTERLINE
66
1
70
0
0
VERTEX
8
CENTERLINE
10
24.463938
20
126.900585
30
0.0
0
VERTEX
8
CENTERLINE
10
24.366472
20
126.803119
30
0.0
0
VERTEX
8
CENTERLINE
10
24.269006
20
126.803119
30
0.0
0
VERTEX
8
CENTERLINE
10
24.074074
20
126.608187
30
0.0
0
VERTEX
8
CENTERLINE
10
23.976608
20
126.608187
30
0.0
0
VERTEX
8
CENTERLINE
10
23.684211
20
126.315789
30
0.0
0
VERTEX
8
CENTERLINE
10
23.489279
20
126.315789
30
0.0
0
VERTEX
8
CENTERLINE
10
23.391813
20
126.218324
30
0.0
0
VERTEX
8
CENTERLINE
10
23.294347
20
126.218324
30
0.0
0
VERTEX
8
CENTERLINE
10
23.196881
20
126.120858
30
0.0
0
VERTEX
8
CENTERLINE
10
23.099415
20
126.120858
30
0.0
0
VERTEX
8
CENTERLINE
10
23.001949
20
126.023392
30
0.0
0
SEQEND
8
CENTERLINE
0
POLYLINE
8
CENTERLINE
66
1
70
0
0
VERTEX
8
CENTERLINE
10
10.331384
20
118.713450
30
0.0
0
VERTEX
8
CENTERLINE
10
10.136452
20
118.518519
30
0.0
0
VERTEX
8
CENTERLINE
10
9.844055
20
118.518519
30
0.0
0
SEQEND
8
CENTERLINE
0
POLYLINE
8
CENTERLINE
66
1
70
0
0
VERTEX
8
CENTERLINE
10
70.955166
20
129.434698
30
0.0
0
VERTEX
8
CENTERLINE
10
71.052632
20
129.337232
30
0.0
0
VERTEX
8
CENTERLINE
10
71.150097
20
129.337232
30
0.0
0
VERTEX
8
CENTERLINE
10
71.247563
20
129.239766
30
0.0
0
VERTEX
8
CENTERLINE
10
71.345029
20
129.239766
30
0.0
0
VERTEX
8
CENTERLINE
10
71.539961
20
129.044834
30
0.0
0
VERTEX
8
CENTERLINE
10
71.637427
20
129.044834
30
0.0
0
SEQEND
8
CENTERLINE
0
POLYLINE
8
CENTERLINE
66
1
70
0
0
VERTEX
8
CENTERLINE
10
19.200780
20
113.547758
30
0.0
0
VERTEX
8
CENTERLINE
10
19.103314
20
113.547758
30
0.0
0
VERTEX
8
CENTERLINE
10
18.908382
20
113.742690
30
0.0
0
VERTEX
8
CENTERLINE
10
18.615984
20
113.742690
30
0.0
0
VERTEX
8
CENTERLINE
10
18.518519
20
113.840156
30
0.0
0
VERTEX
8
CENTERLINE
10
18.421053
20
113.840156
30
0.0
0
VERTEX
8
CENTERLINE
10
18.323587
20
113.937622
30
0.0
0
VERTEX
8
CENTERLINE
10
18.031189
20
113.937622
30
0.0
0
SEQEND
8
CENTERLINE
0
POLYLINE
8
CENTERLINE
66
1
70
0
0
VERTEX
8
CENTERLINE
10
30.799220
20
91.520468
30
0.0
0
VERTEX
8
CENTERLINE
10
30.799220
20
91.715400
30
0.0
0
VERTEX
8
CENTERLINE
10
30.506823
20
92.007797
30
0.0
0
SEQEND
8
CENTERLINE
0
POLYLINE
8
CENTERLINE
66
1
70
0
0
VERTEX
8
CENTERLINE
10
52.631579
20
139.668616
30
0.0
0
VERTEX
8
CENTERLINE
10
52.631579
20
139.083821
30
0.0
0
SEQEND
8
CENTERLINE
0
POLYLINE
8
CENTERLINE
66
1
70
0
0
VERTEX
8
CENTERLINE
10
53.606238
20
139.376218
30
0.0
0
VERTEX
8
CENTERLINE
10
53.801170
20
139.376218
30
0.0
0
VERTEX
8
CENTERLINE
10
53.898635
20
139.278752
30
0.0
0
SEQEND
8
CENTERLINE
0
POLYLINE
8
CENTERLINE
66
1
70
0
0
VERTEX
8
CENTERLINE
10
62.085770
20
134.405458
30
0.0
0
VERTEX
8
CENTERLINE
10
62.183236
20
134.307992
30
0.0
0
VERTEX
8
CENTERLINE
10
62.280702
20
134.307992
30
0.0
0
VERTEX
8
CENTERLINE
10
62.378168
20
134.210526
30
0.0
0
VERTEX
8
CENTERLINE
10
62.865497
20
134.210526
30
0.0
0
VERTEX
8
CENTERLINE
10
62.962963
20
134.113060
30
0.0
0
SEQEND
8
CENTERLINE
0
POLYLINE
8
CENTERLINE
66
1
70
0
0
VERTEX
8
CENTERLINE
10
70.370370
20
69.395712
30
0.0
0
VERTEX
8
CENTERLINE
10
70.565302
20
69.395712
30
0.0
0
VERTEX
8
CENTERLINE
10
70.662768
20
69.298246
30
0.0
0
VERTEX
8
CENTERLINE
10
71.247563
20
69.298246
30
0.0
0
SEQEND
8
CENTERLINE
0
POLYLINE
8
CENTERLINE
66
1
70
0
0
VERTEX
8
CENTERLINE
10
17.446394
20
122.807018
30
0.0
0
VERTEX
8
CENTERLINE
10
17.348928
20
122.709552
30
0.0
0
VERTEX
8
CENTERLINE
10
17.153996
20
122.709552
30
0.0
0
VERTEX
8
CENTERLINE
10
16.959064
20
122.514620
30
0.0
0
VERTEX
8
CENTERLINE
10
16.861598
20
122.514620
30
0.0
0
SEQEND
8
CENTERLINE
0
POLYLINE
8
CENTERLINE
66
1
70
0
0
VERTEX
8
CENTERLINE
10
41.812865
20
13.840156
30
0.0
0
VERTEX
8
CENTERLINE
10
41.910331
20
13.742690
30
0.0
0
VERTEX
8
CENTERLINE
10
42.007797
20
13.742690
30
0.0
0
VERTEX
8
CENTERLINE
10
42.105263
20
13.645224
30
0.0
0
SEQEND
8
CENTERLINE
0
POLYLINE
8
CENTERLINE
66
1
70
0
0
VERTEX
8
CENTERLINE
10
35.380117
20
17.348928
30
0.0
0
VERTEX
8
CENTERLINE
10
35.380117
20
16.764133
30
0.0
0
VERTEX
8
CENTERLINE
10
35.477583
20
16.666667
30
0.0
0
SEQEND
8
CENTERLINE
0
POLYLINE
8
CENTERLINE
66
1
70
0
0
VERTEX
8
CENTERLINE
10
24.658869
20
126.998051
30
0.0
0
VERTEX
8
CENTERLINE
10
24.756335
20
127.095517
30
0.0
0
VERTEX
8
CENTERLINE
10
24.853801
20
127.095517
30
0.0
0
VERTEX
8
CENTERLINE
10
24.951267
20
127.192982
30
0.0
0
VERTEX
8
CENTERLINE
10
25.048733
20
127.192982
30
0.0
0
VERTEX
8
CENTERLINE
10
25.146199
20
127.290448
30
0.0
0
VERTEX
8
CENTERLINE
10
25.243665
20
127.290448
30
0.0
0
SEQEND
8
CENTERLINE
0
POLYLINE
8
CENTERLINE
66
1
70
0
0
VERTEX
8
CENTERLINE
10
18.128655
20
123.196881
30
0.0
0
VERTEX
8
CENTERLINE
10
18.226121
20
123.294347
30
0.0
0
VERTEX
8
CENTERLINE
10
18.323587
20
123.294347
30
0.0
0
VERTEX
8
CENTERLINE
10
18.421053
20
123.391813
30
0.0
0
SEQEND
8
CENTERLINE
0
POLYLINE
8
CENTERLINE
66
1
70
0
0
VERTEX
8
CENTERLINE
10
47.173489
20
139.863548
30
0.0
0
VERTEX
8
CENTERLINE
10
47.076023
20
139.766082
30
0.0
0
VERTEX
8
CENTERLINE
10
46.783626
20
139.766082
30
0.0
0
VERTEX
8
CENTERLINE
10
46.686160
20
139.668616
30
0.0
0
VERTEX
8
CENTERLINE
10
46.588694
20
139.668616
30
0.0
0
SEQEND
8
CENTERLINE
0
POLYLINE
8
CENTERLINE
66
1
70
0
0
VERTEX
8
CENTERLINE
10
45.321637
20
11.793372
30
0.0
0
VERTEX
8
CENTERLINE
10
45.419103
20
11.695906
30
0.0
0
VERTEX
8
CENTERLINE
10
45.516569
20
11.695906
30
0.0
0
VERTEX
8
CENTERLINE
10
45.614035
20
11.598441
30
0.0
0
VERTEX
8
CENTERLINE
10
45.711501
20
11.598441
30
0.0
0
VERTEX
8
CENTERLINE
10
45.808967
20
11.500975
30
0.0
0
SEQEND
8
CENTERLINE
0
POLYLINE
8
CENTERLINE
66
1
70
0
0
VERTEX
8
CENTERLINE
10
33.625731
20
132.163743
30
0.0
0
VERTEX
8
CENTERLINE
10
33.528265
20
132.066277
30
0.0
0
VERTEX
8
CENTERLINE
10
33.235867
20
132.066277
30
0.0
0
VERTEX
8
CENTERLINE
10
33.138402
20
131.968811
30
0.0
0
VERTEX
8
CENTERLINE
10
32.943470
20
131.968811
30
0.0
0
SEQEND
8
CENTERLINE
0
POLYLINE
8
CENTERLINE
66
1
70
0
0
VERTEX
8
CENTERLINE
10
27.290448
20
110.038986
30
0.0
0
VERTEX
8
CENTERLINE
10
27.192982
20
110.136452
30
0.0
0
VERTEX
8
CENTERLINE
10
27.095517
20
110.136452
30
0.0
0
VERTEX
8
CENTERLINE
10
26.998051
20
110.233918
30
0.0
0
SEQEND
8
CENTERLINE
0
POLYLINE
8
CENTERLINE
66
1
70
0
0
VERTEX
8
CENTERLINE
10
50.000000
20
85.575049
30
0.0
0
VERTEX
8
CENTERLINE
10
50.000000
20
83.918129
30
0.0
0
VERTEX
8
CENTERLINE
10
50.194932
20
83.723197
30
0.0
0
SEQEND
8
CENTERLINE
0
POLYLINE
8
CENTERLINE
66
1
70
0
0
VERTEX
8
CENTERLINE
10
29.044834
20
21.345029
30
0.0
0
VERTEX
8
CENTERLINE
10
28.947368
20
21.442495
30
0.0
0
VERTEX
8
CENTERLINE
10
28.654971
20
21.442495
30
0.0
0
SEQEND
8
CENTERLINE
0
POLYLINE
8
CENTERLINE
66
1
70
0
0
VERTEX
8
CENTERLINE
10
43.567251
20
12.768031
30
0.0
0
VERTEX
8
CENTERLINE
10
43.762183
20
12.768031
30
0.0
0
VERTEX
8
CENTERLINE
10
43.859649
20
12.670565
30
0.0
0
VERTEX
8
CENTERLINE
10
43.957115
20
12.670565
30
0.0
0
SEQEND
8
CENTERLINE
0
POLYLINE
8
CENTERLINE
66
1
70
0
0
VERTEX
8
CENTERLINE
10
60.331384
20
15.204678
30
0.0
0
VERTEX
8
CENTERLINE
10
60.233918
20
15.107212
30
0.0
0
VERTEX
8
CENTERLINE
10
60.136452
20
15.107212
30
0.0
0
VERTEX
8
CENTERLINE
10
60.038986
20
15.009747
30
0.0
0
VERTEX
8
CENTERLINE
10
59.649123
20
15.009747
30
0.0
0
VERTEX
8
CENTERLINE
10
59.551657
20
14.912281
30
0.0
0
VERTEX
8
CENTERLINE
10
59.356725
20
14.912281
30
0.0
0
VERTEX
8
CENTERLINE
10
59.259259
20
14.814815
30
0.0
0
VERTEX
8
CENTERLINE
10
59.064327
20
14.814815
30
0.0
0
VERTEX
8
CENTERLINE
10
58.966862
20
14.717349
30
0.0
0
VERTEX
8
CENTERLINE
10
58.966862
20
14.424951
30
0.0
0
VERTEX
8
CENTERLINE
10
58.771930
20
14.230019
30
0.0
0
VERTEX
8
CENTERLINE
10
58.576998
20
14.230019
30
0.0
0
VERTEX
8
CENTERLINE
10
58.479532
20
14.132554
30
0.0
0
SEQEND
8
CENTERLINE
0
POLYLINE
8
CENTERLINE
66
1
70
0
0
VERTEX
8
CENTERLINE
10
19.005848
20
123.684211
30
0.0
0
VERTEX
8
CENTERLINE
10
19.493177
20
123.196881
30
0.0
0
VERTEX
8
CENTERLINE
10
19.785575
20
123.196881
30
0.0
0
SEQEND
8
CENTERLINE
0
POLYLINE
8
CENTERLINE
66
1
70
0
0
VERTEX
8
CENTERLINE
10
37.719298
20
68.323587
30
0.0
0
VERTEX
8
CENTERLINE
10
37.719298
20
67.543860
30
0.0
0
VERTEX
8
CENTERLINE
10
37.621832
20
67.446394
30
0.0
0
VERTEX
8
CENTERLINE
10
37.621832
20
59.649123
30
0.0
0
VERTEX
8
CENTERLINE
10
37.719298
20
59.551657
30
0.0
0
VERTEX
8
CENTERLINE
10
37.719298
20
58.966862
30
0.0
0
VERTEX
8
CENTERLINE
10
37.816764
20
58.869396
30
0.0
0
VERTEX
8
CENTERLINE
10
37.816764
20
58.771930
30
0.0
0
VERTEX
8
CENTERLINE
10
37.914230
20
58.674464
30
0.0
0
VERTEX
8
CENTERLINE
10
37.914230
20
58.187135
30
0.0
0
VERTEX
8
CENTERLINE
10
38.109162
20
57.992203
30
0.0
0
SEQEND
8
CENTERLINE
0
POLYLINE
8
CENTERLINE
66
1
70
0
0
VERTEX
8
CENTERLINE
10
51.267057
20
78.752437
30
0.0
0
VERTEX
8
CENTERLINE
10
51.461988
20
78.557505
30
0.0
0
VERTEX
8
CENTERLINE
10
51.461988
20
78.460039
30
0.0
0
SEQEND
8
CENTERLINE
0
POLYLINE
8
CENTERLINE
66
1
70
0
0
VERTEX
8
CENTERLINE
10
64.230019
20
106.432749
30
0.0
0
VERTEX
8
CENTERLINE
10
64.132554
20
106.432749
30
0.0
0
VERTEX
8
CENTERLINE
10
64.035088
20
106.335283
30
0.0
0
VERTEX
8
CENTERLINE
10
63.742690
20
106.335283
30
0.0
0
VERTEX
8
CENTERLINE
10
63.547758
20
106.140351
30
0.0
0
VERTEX
8
CENTERLINE
10
63.450292
20
106.140351
30
0.0
0
VERTEX
8
CENTERLINE
10
63.352827
20
106.042885
30
0.0
0
VERTEX
8
CENTERLINE
10
63.060429
20
106.042885
30
0.0
0
VERTEX
8
CENTERLINE
10
62.865497
20
105.847953
30
0.0
0
VERTEX
8
CENTERLINE
10
62.768031
20
105.847953
30
0.0
0
VERTEX
8
CENTERLINE
10
62.670565
20
105.750487
30
0.0
0
VERTEX
8
CENTERLINE
10
62.573099
20
105.750487
30
0.0
0
SEQEND
8
CENTERLINE
0
POLYLINE
8
CENTERLINE
66
1
70
0
0
VERTEX
8
CENTERLINE
10
86.062378
20
34.892788
30
0.0
0
VERTEX
8
CENTERLINE
10
86.452242
20
34.892788
30
0.0
0
VERTEX
8
CENTERLINE
10
86.647173
20
34.697856
30
0.0
0
VERTEX
8
CENTERLINE
10
86.842105
20
34.697856
30
0.0
0
VERTEX
8
CENTERLINE
10
86.939571
20
34.600390
30
0.0
0
VERTEX
8
CENTERLINE
10
87.037037
20
34.600390
30
0.0
0
SEQEND
8
CENTERLINE
0
POLYLINE
8
CENTERLINE
66
1
70
0
0
VERTEX
8
CENTERLINE
10
45.126706
20
11.890838
30
0.0
0
VERTEX
8
CENTERLINE
10
45.029240
20
11.988304
30
0.0
0
VERTEX
8
CENTERLINE
10
44.931774
20
11.988304
30
0.0
0
VERTEX
8
CENTERLINE
10
44.834308
20
12.085770
30
0.0
0
VERTEX
8
CENTERLINE
10
44.736842
20
12.085770
30
0.0
0
VERTEX
8
CENTERLINE
10
44.444444
20
12.378168
30
0.0
0
VERTEX
8
CENTERLINE
10
44.249513
20
12.378168
30
0.0
0
VERTEX
8
CENTERLINE
10
44.152047
20
12.475634
30
0.0
0
SEQEND
8
CENTERLINE
0
POLYLINE
8
CENTERLINE
66
1
70
0
0
VERTEX
8
CENTERLINE
10
45.224172
20
79.337232
30
0.0
0
VERTEX
8
CENTERLINE
10
45.224172
20
78.557505
30
0.0
0
VERTEX
8
CENTERLINE
10
45.126706
20
78.460039
30
0.0
0
SEQEND
8
CENTERLINE
0
POLYLINE
8
CENTERLINE
66
1
70
0
0
VERTEX
8
CENTERLINE
10
70.760234
20
62.183236
30
0.0
0
VERTEX
8
CENTERLINE
10
70.662768
20
62.280702
30
0.0
0
VERTEX
8
CENTERLINE
10
70.565302
20
62.280702
30
0.0
0
VERTEX
8
CENTERLINE
10
70.467836
20
62.378168
30
0.0
0
VERTEX
8
CENTERLINE
10
70.467836
20
62.573099
30
0.0
0
VERTEX
8
CENTERLINE
10
70.370370
20
62.670565
30
0.0
0
SEQEND
8
CENTERLINE
0
POLYLINE
8
CENTERLINE
66
1
70
0
0
VERTEX
8
CENTERLINE
10
67.348928
20
131.481481
30
0.0
0
VERTEX
8
CENTERLINE
10
67.446394
20
131.384016
30
0.0
0
VERTEX
8
CENTERLINE
10
67.543860
20
131.384016
30
0.0
0
VERTEX
8
CENTERLINE
10
67.641326
20
131.286550
30
0.0
0
VERTEX
8
CENTERLINE
10
67.836257
20
131.286550
30
0.0
0
VERTEX
8
CENTERLINE
10
67.933723
20
131.189084
30
0.0
0
VERTEX
8
CENTERLINE
10
68.031189
20
131.189084
30
0.0
0
VERTEX
8
CENTERLINE
10
68.128655
20
131.091618
30
0.0
0
VERTEX
8
CENTERLINE
10
68.226121
20
131.091618
30
0.0
0
SEQEND
8
CENTERLINE
0
POLYLINE
8
CENTERLINE
66
1
70
0
0
VERTEX
8
CENTERLINE
10
80.896686
20
61.793372
30
0.0
0
VERTEX
8
CENTERLINE
10
81.091618
20
61.598441
30
0.0
0
VERTEX
8
CENTERLINE
10
81.091618
20
61.500975
30
0.0
0
SEQEND
8
CENTERLINE
0
POLYLINE
8
CENTERLINE
66
1
70
0
0
VERTEX
8
CENTERLINE
10
87.329435
20
116.569201
30
0.0
0
VERTEX
8
CENTERLINE
10
87.426901
20
116.569201
30
0.0
0
VERTEX
8
CENTERLINE
10
87.524366
20
116.666667
30
0.0
0
VERTEX
8
CENTERLINE
10
88.011696
20
116.666667
30
0.0
0
VERTEX
8
CENTERLINE
10
88.109162
20
116.764133
30
0.0
0
VERTEX
8
CENTERLINE
10
88.206628
20
116.764133
30
0.0
0
SEQEND
8
CENTERLINE
0
POLYLINE
8
CENTERLINE
66
1
70
0
0
VERTEX
8
CENTERLINE
10
55.165692
20
138.596491
30
0.0
0
VERTEX
8
CENTERLINE
10
55.165692
20
138.693957
30
0.0
0
VERTEX
8
CENTERLINE
10
54.873294
20
138.986355
30
0.0
0
VERTEX
8
CENTERLINE
10
54.288499
20
138.986355
30
0.0
0
VERTEX
8
CENTERLINE
10
54.093567
20
139.181287
30
0.0
0
VERTEX
8
CENTERLINE
10
53.996101
20
139.181287
30
0.0
0
SEQEND
8
CENTERLINE
0
POLYLINE
8
CENTERLINE
66
1
70
0
0
VERTEX
8
CENTERLINE
10
55.653021
20
138.304094
30
0.0
0
VERTEX
8
CENTERLINE
10
55.750487
20
138.206628
30
0.0
0
VERTEX
8
CENTERLINE
10
55.847953
20
138.206628
30
0.0
0
VERTEX
8
CENTERLINE
10
55.945419
20
138.109162
30
0.0
0
VERTEX
8
CENTERLINE
10
56.042885
20
138.109162
30
0.0
0
VERTEX
8
CENTERLINE
10
56.237817
20
137.914230
30
0.0
0
VERTEX
8
CENTERLINE
10
56.335283
20
137.914230
30
0.0
0
VERTEX
8
CENTERLINE
10
56.530214
20
137.719298
30
0.0
0
VERTEX
8
CENTERLINE
10
56.725146
20
137.719298
30
0.0
0
VERTEX
8
CENTERLINE
10
56.920078
20
137.524366
30
0.0
0
VERTEX
8
CENTERLINE
10
57.115010
20
137.524366
30
0.0
0
VERTEX
8
CENTERLINE
10
57.212476
20
137.426901
30
0.0
0
VERTEX
8
CENTERLINE
10
57.309942
20
137.426901
30
0.0
0
SEQEND
8
CENTERLINE
0
POLYLINE
8
CENTERLINE
66
1
70
0
0
VERTEX
8
CENTERLINE
10
22.319688
20
62.378168
30
0.0
0
VERTEX
8
CENTERLINE
10
22.124756
20
62.378168
30
0.0
0
VERTEX
8
CENTERLINE
10
22.027290
20
62.280702
30
0.0
0
VERTEX
8
CENTERLINE
10
21.832359
20
62.280702
30
0.0
0
VERTEX
8
CENTERLINE
10
21.150097
20
62.962963
30
0.0
0
SEQEND
8
CENTERLINE
0
POLYLINE
8
CENTERLINE
66
1
70
0
0
VERTEX
8
CENTERLINE
10
69.590643
20
83.820663
30
0.0
0
VERTEX
8
CENTERLINE
10
69.493177
20
83.723197
30
0.0
0
VERTEX
8
CENTERLINE
10
69.493177
20
83.625731
30
0.0
0
VERTEX
8
CENTERLINE
10
69.590643
20
83.528265
30
0.0
0
VERTEX
8
CENTERLINE
10
69.590643
20
83.333333
30
0.0
0
VERTEX
8
CENTERLINE
10
69.688109
20
83.235867
30
0.0
0
VERTEX
8
CENTERLINE
10
69.688109
20
82.163743
30
0.0
0
VERTEX
8
CENTERLINE
10
69.883041
20
81.968811
30
0.0
0
SEQEND
8
CENTERLINE
0
POLYLINE
8
CENTERLINE
66
1
70
0
0
VERTEX
8
CENTERLINE
10
25.341131
20
127.290448
30
0.0
0
VERTEX
8
CENTERLINE
10
25.633528
20
126.998051
30
0.0
0
VERTEX
8
CENTERLINE
10
25.925926
20
126.998051
30
0.0
0
SEQEND
8
CENTERLINE
0
POLYLINE
8
CENTERLINE
66
1
70
0
0
VERTEX
8
CENTERLINE
10
83.723197
20
78.752437
30
0.0
0
VERTEX
8
CENTERLINE
10
79.434698
20
78.752437
30
0.0
0
SEQEND
8
CENTERLINE
0
POLYLINE
8
CENTERLINE
66
1
70
0
0
VERTEX
8
CENTERLINE
10
76.998051
20
65.886940
30
0.0
0
VERTEX
8
CENTERLINE
10
77.387914
20
65.497076
30
0.0
0
VERTEX
8
CENTERLINE
10
77.387914
20
65.204678
30
0.0
0
VERTEX
8
CENTERLINE
10
77.485380
20
65.107212
30
0.0
0
VERTEX
8
CENTERLINE
10
77.485380
20
65.009747
30
0.0
0
VERTEX
8
CENTERLINE
10
77.582846
20
64.912281
30
0.0
0
VERTEX
8
CENTERLINE
10
77.582846
20
64.814815
30
0.0
0
VERTEX
8
CENTERLINE
10
77.680312
20
64.717349
30
0.0
0
VERTEX
8
CENTERLINE
10
77.777778
20
64.717349
30
0.0
0
VERTEX
8
CENTERLINE
10
77.875244
20
64.619883
30
0.0
0
VERTEX
8
CENTERLINE
10
78.070175
20
64.619883
30
0.0
0
VERTEX
8
CENTERLINE
10
78.167641
20
64.522417
30
0.0
0
SEQEND
8
CENTERLINE
0
POLYLINE
8
CENTERLINE
66
1
70
0
0
VERTEX
8
CENTERLINE
10
83.235867
20
114.619883
30
0.0
0
VERTEX
8
CENTERLINE
10
83.040936
20
114.619883
30
0.0
0
VERTEX
8
CENTERLINE
10
82.943470
20
114.522417
30
0.0
0
VERTEX
8
CENTERLINE
10
82.748538
20
114.522417
30
0.0
0
SEQEND
8
CENTERLINE
0
POLYLINE
8
CENTERLINE
66
1
70
0
0
VERTEX
8
CENTERLINE
10
53.801170
20
139.083821
30
0.0
0
VERTEX
8
CENTERLINE
10
53.801170
20
138.596491
30
0.0
0
VERTEX
8
CENTERLINE
10
53.898635
20
138.499025
30
0.0
0
VERTEX
8
CENTERLINE
10
53.898635
20
138.401559
30
0.0
0
VERTEX
8
CENTERLINE
10
54.191033
20
138.109162
30
0.0
0
VERTEX
8
CENTERLINE
10
54.775828
20
138.109162
30
0.0
0
SEQEND
8
CENTERLINE
0
POLYLINE
8
CENTERLINE
66
1
70
0
0
VERTEX
8
CENTERLINE
10
62.962963
20
44.931774
30
0.0
0
VERTEX
8
CENTERLINE
10
63.157895
20
44.931774
30
0.0
0
VERTEX
8
CENTERLINE
10
63.255361
20
44.834308
30
0.0
0
VERTEX
8
CENTERLINE
10
63.352827
20
44.834308
30
0.0
0
VERTEX
8
CENTERLINE
10
63.450292
20
44.736842
30
0.0
0
SEQEND
8
CENTERLINE
0
POLYLINE
8
CENTERLINE
66
1
70
0
0
VERTEX
8
CENTERLINE
10
83.333333
20
122.514620
30
0.0
0
VERTEX
8
CENTERLINE
10
83.430799
20
122.514620
30
0.0
0
VERTEX
8
CENTERLINE
10
83.528265
20
122.417154
30
0.0
0
VERTEX
8
CENTERLINE
10
83.723197
20
122.417154
30
0.0
0
VERTEX
8
CENTERLINE
10
83.820663
20
122.319688
30
0.0
0
VERTEX
8
CENTERLINE
10
83.820663
20
122.222222
30
0.0
0
VERTEX
8
CENTERLINE
10
83.918129
20
122.124756
30
0.0
0
VERTEX
8
CENTERLINE
10
83.918129
20
122.027290
30
0.0
0
SEQEND
8
CENTERLINE
0
POLYLINE
8
CENTERLINE
66
1
70
0
0
VERTEX
8
CENTERLINE
10
25.925926
20
84.892788
30
0.0
0
VERTEX
8
CENTERLINE
10
25.828460
20
84.990253
30
0.0
0
VERTEX
8
CENTERLINE
10
25.828460
20
87.329435
30
0.0
0
VERTEX
8
CENTERLINE
10
25.925926
20
87.426901
30
0.0
0
VERTEX
8
CENTERLINE
10
25.925926
20
89.766082
30
0.0
0
VERTEX
8
CENTERLINE
10
25.828460
20
89.863548
30
0.0
0
VERTEX
8
CENTERLINE
10
25.828460
20
92.397661
30
0.0
0
SEQEND
8
CENTERLINE
0
POLYLINE
8
CENTERLINE
66
1
70
0
0
VERTEX
8
CENTERLINE
10
83.625731
20
28.557505
30
0.0
0
VERTEX
8
CENTERLINE
10
83.528265
20
28.460039
30
0.0
0
VERTEX
8
CENTERLINE
10
83.333333
20
28.460039
30
0.0
0
VERTEX
8
CENTERLINE
10
83.235867
20
28.362573
30
0.0
0
VERTEX
8
CENTERLINE
10
83.040936
20
28.362573
30
0.0
0
VERTEX
8
CENTERLINE
10
82.943470
20
28.265107
30
0.0
0
SEQEND
8
CENTERLINE
0
POLYLINE
8
CENTERLINE
66
1
70
0
0
VERTEX
8
CENTERLINE
10
35.672515
20
16.471735
30
0.0
0
VERTEX
8
CENTERLINE
10
35.964912
20
16.471735
30
0.0
0
SEQEND
8
CENTERLINE
0
POLYLINE
8
CENTERLINE
66
1
70
0
0
VERTEX
8
CENTERLINE
10
23.391813
20
67.251462
30
0.0
0
VERTEX
8
CENTERLINE
10
23.391813
20
68.518519
30
0.0
0
VERTEX
8
CENTERLINE
10
23.294347
20
68.615984
30
0.0
0
VERTEX
8
CENTERLINE
10
23.294347
20
68.908382
30
0.0
0
VERTEX
8
CENTERLINE
10
23.196881
20
69.005848
30
0.0
0
VERTEX
8
CENTERLINE
10
23.196881
20
69.103314
30
0.0
0
SEQEND
8
CENTERLINE
0
POLYLINE
8
CENTERLINE
66
1
70
0
0
VERTEX
8
CENTERLINE
10
44.152047
20
138.206628
30
0.0
0
VERTEX
8
CENTERLINE
10
43.957115
20
138.206628
30
0.0
0
VERTEX
8
CENTERLINE
10
43.859649
20
138.109162
30
0.0
0
SEQEND
8
CENTERLINE
0
POLYLINE
8
CENTERLINE
66
1
70
0
0
VERTEX
8
CENTERLINE
10
31.968811
20
107.894737
30
0.0
0
VERTEX
8
CENTERLINE
10
32.261209
20
107.894737
30
0.0
0
VERTEX
8
CENTERLINE
10
32.358674
20
107.797271
30
0.0
0
VERTEX
8
CENTERLINE
10
32.456140
20
107.797271
30
0.0
0
VERTEX
8
CENTERLINE
10
32.553606
20
107.699805
30
0.0
0
VERTEX
8
CENTERLINE
10
32.651072
20
107.699805
30
0.0
0
VERTEX
8
CENTERLINE
10
32.748538
20
107.602339
30
0.0
0
VERTEX
8
CENTERLINE
10
33.040936
20
107.602339
30
0.0
0
VERTEX
8
CENTERLINE
10
33.138402
20
107.504873
30
0.0
0
VERTEX
8
CENTERLINE
10
33.430799
20
107.504873
30
0.0
0
VERTEX
8
CENTERLINE
10
33.723197
20
107.212476
30
0.0
0
VERTEX
8
CENTERLINE
10
33.918129
20
107.212476
30
0.0
0
VERTEX
8
CENTERLINE
10
34.015595
20
107.115010
30
0.0
0
SEQEND
8
CENTERLINE
0
POLYLINE
8
CENTERLINE
66
1
70
0
0
VERTEX
8
CENTERLINE
10
56.042885
20
92.690058
30
0.0
0
VERTEX
8
CENTERLINE
10
53.801170
20
92.690058
30
0.0
0
SEQEND
8
CENTERLINE
0
POLYLINE
8
CENTERLINE
66
1
70
0
0
VERTEX
8
CENTERLINE
10
49.317739
20
89.961014
30
0.0
0
VERTEX
8
CENTERLINE
10
49.317739
20
90.350877
30
0.0
0
VERTEX
8
CENTERLINE
10
49.220273
20
90.448343
30
0.0
0
VERTEX
8
CENTERLINE
10
49.220273
20
90.935673
30
0.0
0
VERTEX
8
CENTERLINE
10
48.927875
20
91.228070
30
0.0
0
VERTEX
8
CENTERLINE
10
48.830409
20
91.228070
30
0.0
0
VERTEX
8
CENTERLINE
10
48.538012
20
91.520468
30
0.0
0
VERTEX
8
CENTERLINE
10
48.440546
20
91.520468
30
0.0
0
VERTEX
8
CENTERLINE
10
48.343080
20
91.617934
30
0.0
0
SEQEND
8
CENTERLINE
0
POLYLINE
8
CENTERLINE
66
1
70
0
0
VERTEX
8
CENTERLINE
10
61.988304
20
56.725146
30
0.0
0
VERTEX
8
CENTERLINE
10
57.797271
20
56.725146
30
0.0
0
VERTEX
8
CENTERLINE
10
57.699805
20
56.822612
30
0.0
0
SEQEND
8
CENTERLINE
0
POLYLINE
8
CENTERLINE
66
1
70
0
0
VERTEX
8
CENTERLINE
10
84.892788
20
35.575049
30
0.0
0
VERTEX
8
CENTERLINE
10
84.502924
20
35.575049
30
0.0
0
VERTEX
8
CENTERLINE
10
84.405458
20
35.672515
30
0.0
0
VERTEX
8
CENTERLINE
10
84.307992
20
35.672515
30
0.0
0
SEQEND
8
CENTERLINE
0
POLYLINE
8
CENTERLINE
66
1
70
0
0
VERTEX
8
CENTERLINE
10
31.871345
20
62.670565
30
0.0
0
VERTEX
8
CENTERLINE
10
31.871345
20
62.475634
30
0.0
0
VERTEX
8
CENTERLINE
10
31.968811
20
62.378168
30
0.0
0
VERTEX
8
CENTERLINE
10
31.968811
20
61.598441
30
0.0
0
VERTEX
8
CENTERLINE
10
32.066277
20
61.500975
30
0.0
0
VERTEX
8
CENTERLINE
10
32.066277
20
60.916179
30
0.0
0
VERTEX
8
CENTERLINE
10
32.163743
20
60.818713
30
0.0
0
VERTEX
8
CENTERLINE
10
32.163743
20
60.526316
30
0.0
0
VERTEX
8
CENTERLINE
10
32.261209
20
60.428850
30
0.0
0
VERTEX
8
CENTERLINE
10
32.261209
20
59.941520
30
0.0
0
VERTEX
8
CENTERLINE
10
32.456140
20
59.746589
30
0.0
0
VERTEX
8
CENTERLINE
10
32.456140
20
59.356725
30
0.0
0
SEQEND
8
CENTERLINE
0
POLYLINE
8
CENTERLINE
66
1
70
0
0
VERTEX
8
CENTERLINE
10
18.128655
20
62.962963
30
0.0
0
VERTEX
8
CENTERLINE
10
18.128655
20
63.060429
30
0.0
0
VERTEX
8
CENTERLINE
10
18.031189
20
63.157895
30
0.0
0
VERTEX
8
CENTERLINE
10
18.031189
20
65.497076
30
0.0
0
VERTEX
8
CENTERLINE
10
18.128655
20
65.594542
30
0.0
0
VERTEX
8
CENTERLINE
10
18.128655
20
68.031189
30
0.0
0
VERTEX
8
CENTERLINE
10
18.031189
20
68.128655
30
0.0
0
VERTEX
8
CENTERLINE
10
18.031189
20
70.370370
30
0.0
0
VERTEX
8
CENTERLINE
10
18.128655
20
70.467836
30
0.0
0
SEQEND
8
CENTERLINE
0
ENDSEC
0
EOF